number of packets,P(Xk(A)=n),P(Xk(A)<n),E(Xk(A)),P(Zn(A)=k),P(Zn(A)<=k)
1,0,1,0.149254,0,0
2,0,1,0.297394,0,0
3,0,1,0.444428,0,0
4,0,1,0.590365,0,0
5,0,1,0.735213,0,0
6,0,1,0.87898,0,0
7,0,1,1.021674,0,0
8,0,1,1.163304,0,0
9,0,1,1.303876,0,0
10,0,1,1.443399,0,0
11,0,1,1.581881,0,0
12,0,1,1.71933,0,0
13,0,1,1.855753,0,0
14,0,1,1.991158,0,0
15,0,1,2.125552,0,0
16,0,1,2.258944,0,0
17,0,1,2.39134,0,0
18,0,1,2.522747,0,0
19,0,1,2.653175,0,0
20,0,1,2.782629,0,0
21,0,1,2.911116,0,0
22,0,1,3.038645,0,0
23,0,1,3.165223,0,0
24,0,1,3.290855,0,0
25,0,1,3.41555,0,0
26,0,1,3.539315,0,0
27,0,1,3.662156,0,0
28,0,1,3.78408,0,0
29,0,1,3.905094,0,0
30,0,1,4.025206,0,0
31,0,1,4.144421,0,0
32,0,1,4.262746,0,0
33,0,1,4.380188,0,0
34,0,1,4.496754,0,0
35,0,1,4.61245,0,0
36,0,1,4.727282,0,0
37,0,1,4.841258,0,0
38,0,1,4.954383,0,0
39,0,1,5.066663,0,0
40,0,1,5.178106,0,0
41,0,1,5.288717,0,0
42,0,1,5.398503,0,0
43,0,1,5.507469,0,0
44,0,1,5.615623,0,0
45,0,1,5.722969,0,0
46,0,1,5.829514,0,0
47,0,1,5.935264,0,0
48,0,1,6.040224,0,0
49,0,1,6.144402,0,0
50,0,1,6.247802,0,0
51,0,1,6.35043,0,0
52,0,1,6.452293,0,0
53,0,1,6.553395,0,0
54,0,1,6.653743,0,0
55,0,1,6.753342,0,0
56,0,1,6.852197,0,0
57,0,1,6.950315,0,0
58,0,1,7.047701,0,0
59,0,1,7.14436,0,0
60,0,1,7.240297,0,0
61,0,1,7.335519,0,0
62,0,1,7.43003,0,0
63,0,1,7.523836,0,0
64,0,1,7.616942,0,0
65,0,1,7.709352,0,0
66,0,1,7.801074,0,0
67,0,1,7.89211,0,0
68,0,1,7.982468,0,0
69,0,1,8.072151,0,0
70,0,1,8.161165,0,0
71,0,1,8.249514,0,0
72,0,1,8.337204,0,0
73,0,1,8.42424,0,0
74,0,1,8.510626,0,0
75,0,1,8.596368,0,0
76,0,1,8.68147,0,0
77,0,1,8.765936,0,0
78,0,1,8.849773,0,0
79,0,1,8.932983,0,0
80,0,1,9.015573,0,0
81,0,1,9.097546,0,0
82,0,1,9.178908,0,0
83,0,1,9.259662,0,0
84,0,1,9.339814,0,0
85,0,1,9.419368,0,0
86,0,1,9.498328,0,0
87,0,1,9.576698,0,0
88,0,1,9.654484,0,0
89,0,1,9.73169,0,0
90,1.00E-06,0.999999,9.808319,0,0
91,1.00E-06,0.999999,9.884376,0,0
92,1.00E-06,0.999999,9.959866,0,0
93,1.00E-06,0.999999,10.034792,0,0
94,1.00E-06,0.999999,10.109159,0,0
95,1.00E-06,0.999999,10.182972,0,0
96,1.00E-06,0.999999,10.256233,0,0
97,2.00E-06,0.999998,10.328948,0,0
98,2.00E-06,0.999998,10.40112,0,0
99,2.00E-06,0.999998,10.472753,0,0
100,2.00E-06,0.999998,10.543852,0,0
101,3.00E-06,0.999997,10.61442,0,0
102,3.00E-06,0.999997,10.684462,0,0
103,3.00E-06,0.999997,10.753981,0,0
104,4.00E-06,0.999996,10.822981,0,0
105,4.00E-06,0.999996,10.891466,1.00E-06,0.000001
106,5.00E-06,0.999995,10.95944,1.00E-06,0.000002
107,6.00E-06,0.999994,11.026907,1.00E-06,0.000003
108,7.00E-06,0.999993,11.093871,1.00E-06,0.000004
109,7.00E-06,0.999993,11.160334,1.00E-06,0.000005
110,8.00E-06,0.999992,11.226302,1.00E-06,0.000006
111,9.00E-06,0.999991,11.291777,1.00E-06,0.000007
112,1.10E-05,0.999989,11.356764,1.00E-06,0.000008
113,1.20E-05,0.999988,11.421266,1.00E-06,0.000009
114,1.30E-05,0.999987,11.485286,1.00E-06,0.00001
115,1.50E-05,0.999985,11.548829,2.00E-06,0.000012
116,1.70E-05,0.999983,11.611897,2.00E-06,0.000014
117,1.90E-05,0.999981,11.674495,2.00E-06,0.000016
118,2.10E-05,0.999979,11.736626,2.00E-06,0.000018
119,2.30E-05,0.999977,11.798293,2.00E-06,0.00002
120,2.60E-05,0.999974,11.859499,3.00E-06,0.000023
121,2.80E-05,0.999972,11.920249,3.00E-06,0.000026
122,3.10E-05,0.999969,11.980546,3.00E-06,0.000029
123,3.50E-05,0.999965,12.040393,3.00E-06,0.000032
124,3.80E-05,0.999962,12.099793,4.00E-06,0.000036
125,4.20E-05,0.999958,12.15875,4.00E-06,0.00004
126,4.70E-05,0.999953,12.217266,4.00E-06,0.000044
127,5.20E-05,0.999948,12.275347,5.00E-06,0.000049
128,5.70E-05,0.999943,12.332993,5.00E-06,0.000054
129,6.20E-05,0.999938,12.39021,6.00E-06,0.00006
130,6.80E-05,0.999932,12.446999,6.00E-06,0.000066
131,7.50E-05,0.999925,12.503365,7.00E-06,0.000073
132,8.20E-05,0.999918,12.55931,7.00E-06,0.00008
133,9.00E-05,0.99991,12.614837,8.00E-06,0.000088
134,9.80E-05,0.999902,12.669951,8.00E-06,0.000096
135,0.000107,0.999893,12.724652,9.00E-06,0.000105
136,0.000117,0.999883,12.778946,1.00E-05,0.000115
137,0.000128,0.999872,12.832835,1.00E-05,0.000125
138,0.000139,0.999861,12.886321,1.10E-05,0.000136
139,0.000151,0.999849,12.939408,1.20E-05,0.000148
140,0.000164,0.999836,12.992099,1.30E-05,0.000161
141,0.000178,0.999822,13.044397,1.40E-05,0.000175
142,0.000193,0.999807,13.096304,1.50E-05,0.00019
143,0.000209,0.999791,13.147824,1.60E-05,0.000206
144,0.000226,0.999774,13.19896,1.70E-05,0.000223
145,0.000244,0.999756,13.249714,1.80E-05,0.000241
146,0.000264,0.999736,13.300089,2.00E-05,0.000261
147,0.000285,0.999715,13.350089,2.10E-05,0.000282
148,0.000307,0.999693,13.399715,2.20E-05,0.000304
149,0.000331,0.999669,13.448971,2.40E-05,0.000328
150,0.000356,0.999644,13.497859,2.50E-05,0.000353
151,0.000383,0.999617,13.546382,2.70E-05,0.00038
152,0.000412,0.999588,13.594544,2.90E-05,0.000409
153,0.000443,0.999557,13.642346,3.00E-05,0.000439
154,0.000475,0.999525,13.689791,3.20E-05,0.000471
155,0.000509,0.999491,13.736882,3.40E-05,0.000505
156,0.000546,0.999454,13.783622,3.60E-05,0.000541
157,0.000584,0.999416,13.830012,3.90E-05,0.00058
158,0.000625,0.999375,13.876057,4.10E-05,0.000621
159,0.000668,0.999332,13.921758,4.30E-05,0.000664
160,0.000714,0.999286,13.967118,4.60E-05,0.00071
161,0.000762,0.999238,14.01214,4.80E-05,0.000758
162,0.000813,0.999187,14.056825,5.10E-05,0.000809
163,0.000866,0.999134,14.101177,5.40E-05,0.000863
164,0.000923,0.999077,14.145198,5.70E-05,0.00092
165,0.000983,0.999017,14.188891,6.00E-05,0.00098
166,0.001045,0.998955,14.232257,6.30E-05,0.001043
167,0.001112,0.998888,14.2753,6.60E-05,0.001109
168,0.001181,0.998819,14.318022,6.90E-05,0.001178
169,0.001254,0.998746,14.360425,7.30E-05,0.001251
170,0.001331,0.998669,14.402511,7.70E-05,0.001328
171,0.001411,0.998589,14.444283,8.10E-05,0.001409
172,0.001496,0.998504,14.485744,8.40E-05,0.001493
173,0.001584,0.998416,14.526895,8.90E-05,0.001582
174,0.001677,0.998323,14.567739,9.30E-05,0.001675
175,0.001774,0.998226,14.608279,9.70E-05,0.001772
176,0.001876,0.998124,14.648515,0.000102,0.001874
177,0.001983,0.998017,14.688452,0.000106,0.00198
178,0.002094,0.997906,14.72809,0.000111,0.002091
179,0.00221,0.99779,14.767433,0.000116,0.002207
180,0.002332,0.997668,14.806482,0.000122,0.002329
181,0.002459,0.997541,14.845239,0.000127,0.002456
182,0.002591,0.997409,14.883708,0.000132,0.002588
183,0.002729,0.997271,14.921889,0.000138,0.002726
184,0.002873,0.997127,14.959785,0.000144,0.00287
185,0.003023,0.996977,14.997399,0.00015,0.00302
186,0.003179,0.996821,15.034732,0.000156,0.003176
187,0.003342,0.996658,15.071786,0.000163,0.003339
188,0.003511,0.996489,15.108564,0.000169,0.003508
189,0.003687,0.996313,15.145067,0.000176,0.003684
190,0.00387,0.99613,15.181298,0.000183,0.003867
191,0.004059,0.995941,15.217258,0.00019,0.004057
192,0.004257,0.995743,15.25295,0.000197,0.004254
193,0.004461,0.995539,15.288376,0.000205,0.004459
194,0.004674,0.995326,15.323537,0.000212,0.004671
195,0.004894,0.995106,15.358436,0.00022,0.004891
196,0.005122,0.994878,15.393075,0.000228,0.005119
197,0.005359,0.994641,15.427455,0.000237,0.005356
198,0.005604,0.994396,15.461578,0.000245,0.005601
199,0.005858,0.994142,15.495447,0.000254,0.005855
200,0.006121,0.993879,15.529063,0.000263,0.006118
201,0.006392,0.993608,15.562429,0.000272,0.00639
202,0.006673,0.993327,15.595545,0.000281,0.006671
203,0.006964,0.993036,15.628414,0.00029,0.006961
204,0.007264,0.992736,15.661038,0.0003,0.007261
205,0.007574,0.992426,15.693418,0.00031,0.007571
206,0.007894,0.992106,15.725557,0.00032,0.007891
207,0.008224,0.991776,15.757455,0.00033,0.008221
208,0.008565,0.991435,15.789116,0.000341,0.008562
209,0.008916,0.991084,15.820541,0.000351,0.008913
210,0.009279,0.990721,15.851731,0.000362,0.009275
211,0.009652,0.990348,15.882688,0.000373,0.009648
212,0.010037,0.989963,15.913414,0.000385,0.010033
213,0.010433,0.989567,15.943911,0.000396,0.010429
214,0.010841,0.989159,15.97418,0.000408,0.010837
215,0.011261,0.988739,16.004224,0.00042,0.011257
216,0.011693,0.988307,16.034043,0.000432,0.011689
217,0.012137,0.987863,16.06364,0.000444,0.012133
218,0.012593,0.987407,16.093016,0.000457,0.01259
219,0.013063,0.986937,16.122172,0.000469,0.013059
220,0.013545,0.986455,16.151111,0.000482,0.013541
221,0.01404,0.98596,16.179834,0.000495,0.014036
222,0.014549,0.985451,16.208343,0.000509,0.014545
223,0.015071,0.984929,16.236639,0.000522,0.015067
224,0.015606,0.984394,16.264724,0.000536,0.015603
225,0.016156,0.983844,16.292599,0.000549,0.016152
226,0.016719,0.983281,16.320266,0.000563,0.016715
227,0.017297,0.982703,16.347727,0.000578,0.017293
228,0.017889,0.982111,16.374982,0.000592,0.017885
229,0.018495,0.981505,16.402035,0.000607,0.018492
230,0.019117,0.980883,16.428885,0.000621,0.019113
231,0.019753,0.980247,16.455535,0.000636,0.019749
232,0.020404,0.979596,16.481987,0.000651,0.0204
233,0.021071,0.978929,16.508241,0.000667,0.021067
234,0.021753,0.978247,16.534298,0.000682,0.021749
235,0.02245,0.97755,16.560162,0.000698,0.022447
236,0.023164,0.976836,16.585832,0.000713,0.02316
237,0.023893,0.976107,16.611311,0.000729,0.023889
238,0.024638,0.975362,16.6366,0.000745,0.024634
239,0.0254,0.9746,16.6617,0.000762,0.025396
240,0.026178,0.973822,16.686613,0.000778,0.026174
241,0.026972,0.973028,16.711339,0.000794,0.026968
242,0.027783,0.972217,16.735882,0.000811,0.027779
243,0.028611,0.971389,16.760241,0.000828,0.028607
244,0.029455,0.970545,16.784418,0.000845,0.029452
245,0.030317,0.969683,16.808415,0.000862,0.030314
246,0.031196,0.968804,16.832233,0.000879,0.031193
247,0.032093,0.967907,16.855873,0.000896,0.032089
248,0.033006,0.966994,16.879336,0.000914,0.033003
249,0.033938,0.966062,16.902625,0.000931,0.033934
250,0.034886,0.965114,16.92574,0.000949,0.034883
251,0.035853,0.964147,16.948682,0.000967,0.03585
252,0.036838,0.963162,16.971453,0.000985,0.036835
253,0.03784,0.96216,16.994054,0.001003,0.037838
254,0.038861,0.961139,17.016486,0.001021,0.038859
255,0.0399,0.9601,17.038751,0.001039,0.039898
256,0.040957,0.959043,17.06085,0.001057,0.040955
257,0.042032,0.957968,17.082784,0.001075,0.04203
258,0.043126,0.956874,17.104555,0.001094,0.043124
259,0.044238,0.955762,17.126162,0.001112,0.044236
260,0.045369,0.954631,17.147609,0.001131,0.045367
261,0.046519,0.953481,17.168895,0.00115,0.046517
262,0.047687,0.952313,17.190023,0.001168,0.047685
263,0.048874,0.951126,17.210993,0.001187,0.048872
264,0.05008,0.94992,17.231807,0.001206,0.050078
265,0.051304,0.948696,17.252465,0.001225,0.051303
266,0.052548,0.947452,17.272969,0.001244,0.052547
267,0.053811,0.946189,17.29332,0.001263,0.05381
268,0.055092,0.944908,17.313519,0.001282,0.055092
269,0.056393,0.943607,17.333567,0.001301,0.056393
270,0.057712,0.942288,17.353466,0.00132,0.057713
271,0.059051,0.940949,17.373216,0.001339,0.059052
272,0.060409,0.939591,17.392819,0.001358,0.06041
273,0.061786,0.938214,17.412276,0.001377,0.061787
274,0.063182,0.936818,17.431587,0.001396,0.063183
275,0.064597,0.935403,17.450754,0.001415,0.064598
276,0.066031,0.933969,17.469778,0.001434,0.066032
277,0.067485,0.932515,17.488661,0.001453,0.067485
278,0.068958,0.931042,17.507402,0.001473,0.068958
279,0.070449,0.929551,17.526003,0.001492,0.07045
280,0.07196,0.92804,17.544466,0.001511,0.071961
281,0.07349,0.92651,17.562791,0.00153,0.073491
282,0.075039,0.924961,17.580979,0.001549,0.07504
283,0.076607,0.923393,17.599032,0.001568,0.076608
284,0.078194,0.921806,17.616949,0.001587,0.078195
285,0.0798,0.9202,17.634733,0.001606,0.079801
286,0.081424,0.918576,17.652384,0.001625,0.081426
287,0.083068,0.916932,17.669904,0.001644,0.08307
288,0.08473,0.91527,17.687293,0.001662,0.084732
289,0.086412,0.913588,17.704552,0.001681,0.086413
290,0.088112,0.911888,17.721682,0.0017,0.088113
291,0.08983,0.91017,17.738684,0.001719,0.089832
292,0.091567,0.908433,17.75556,0.001737,0.091569
293,0.093323,0.906677,17.772309,0.001756,0.093325
294,0.095097,0.904903,17.788934,0.001774,0.095099
295,0.09689,0.90311,17.805434,0.001792,0.096891
296,0.0987,0.9013,17.821812,0.001811,0.098702
297,0.100529,0.899471,17.838067,0.001829,0.100531
298,0.102376,0.897624,17.854201,0.001847,0.102378
299,0.104241,0.895759,17.870214,0.001865,0.104243
300,0.106124,0.893876,17.886108,0.001883,0.106126
301,0.108025,0.891975,17.901883,0.001901,0.108027
302,0.109943,0.890057,17.917541,0.001918,0.109945
303,0.111879,0.888121,17.933082,0.001936,0.111881
304,0.113833,0.886167,17.948506,0.001954,0.113835
305,0.115804,0.884196,17.963816,0.001971,0.115806
306,0.117792,0.882208,17.979012,0.001988,0.117794
307,0.119797,0.880203,17.994094,0.002005,0.119799
308,0.12182,0.87818,18.009063,0.002022,0.121821
309,0.123859,0.876141,18.023921,0.002039,0.12386
310,0.125915,0.874085,18.038668,0.002056,0.125916
311,0.127988,0.872012,18.053304,0.002073,0.127989
312,0.130077,0.869923,18.067832,0.002089,0.130078
313,0.132182,0.867818,18.082251,0.002105,0.132183
314,0.134304,0.865696,18.096563,0.002122,0.134305
315,0.136441,0.863559,18.110767,0.002138,0.136443
316,0.138595,0.861405,18.124866,0.002154,0.138597
317,0.140765,0.859235,18.13886,0.002169,0.140766
318,0.14295,0.85705,18.152749,0.002185,0.142951
319,0.14515,0.85485,18.166534,0.002201,0.145152
320,0.147366,0.852634,18.180217,0.002216,0.147368
321,0.149597,0.850403,18.193797,0.002231,0.149599
322,0.151843,0.848157,18.207276,0.002246,0.151845
323,0.154104,0.845896,18.220655,0.002261,0.154106
324,0.156379,0.843621,18.233934,0.002275,0.156381
325,0.158669,0.841331,18.247113,0.00229,0.158671
326,0.160973,0.839027,18.260195,0.002304,0.160975
327,0.163292,0.836708,18.273178,0.002318,0.163293
328,0.165624,0.834376,18.286065,0.002332,0.165625
329,0.167971,0.832029,18.298855,0.002346,0.167971
330,0.17033,0.82967,18.311551,0.00236,0.170331
331,0.172704,0.827296,18.324151,0.002373,0.172704
332,0.17509,0.82491,18.336657,0.002387,0.175091
333,0.17749,0.82251,18.34907,0.0024,0.177491
334,0.179902,0.820098,18.361391,0.002413,0.179904
335,0.182328,0.817672,18.373619,0.002425,0.182329
336,0.184765,0.815235,18.385756,0.002438,0.184767
337,0.187216,0.812784,18.397803,0.00245,0.187217
338,0.189678,0.810322,18.40976,0.002462,0.189679
339,0.192152,0.807848,18.421627,0.002474,0.192153
340,0.194638,0.805362,18.433406,0.002486,0.194639
341,0.197136,0.802864,18.445097,0.002498,0.197137
342,0.199645,0.800355,18.456701,0.002509,0.199646
343,0.202165,0.797835,18.468218,0.00252,0.202166
344,0.204696,0.795304,18.479649,0.002531,0.204697
345,0.207238,0.792762,18.490995,0.002542,0.207239
346,0.20979,0.79021,18.502256,0.002553,0.209792
347,0.212353,0.787647,18.513433,0.002563,0.212355
348,0.214926,0.785074,18.524527,0.002573,0.214928
349,0.21751,0.78249,18.535538,0.002583,0.217511
350,0.220102,0.779898,18.546467,0.002593,0.220104
351,0.222705,0.777295,18.557314,0.002603,0.222707
352,0.225317,0.774683,18.568081,0.002612,0.225319
353,0.227938,0.772062,18.578767,0.002621,0.22794
354,0.230568,0.769432,18.589373,0.00263,0.23057
355,0.233207,0.766793,18.5999,0.002639,0.233209
356,0.235855,0.764145,18.610348,0.002648,0.235857
357,0.238511,0.761489,18.620719,0.002656,0.238513
358,0.241175,0.758825,18.631012,0.002664,0.241177
359,0.243847,0.756153,18.641228,0.002672,0.243849
360,0.246527,0.753473,18.651368,0.00268,0.246529
361,0.249215,0.750785,18.661433,0.002688,0.249217
362,0.251909,0.748091,18.671422,0.002695,0.251912
363,0.254611,0.745389,18.681337,0.002702,0.254614
364,0.257321,0.742679,18.691178,0.002709,0.257323
365,0.260036,0.739964,18.700945,0.002716,0.260039
366,0.262759,0.737241,18.710639,0.002722,0.262761
367,0.265488,0.734512,18.720262,0.002729,0.26549
368,0.268223,0.731777,18.729812,0.002735,0.268225
369,0.270964,0.729036,18.739291,0.002741,0.270966
370,0.27371,0.72629,18.748699,0.002747,0.273713
371,0.276463,0.723537,18.758037,0.002752,0.276465
372,0.27922,0.72078,18.767306,0.002758,0.279223
373,0.281983,0.718017,18.776505,0.002763,0.281986
374,0.284751,0.715249,18.785635,0.002768,0.284754
375,0.287524,0.712476,18.794698,0.002773,0.287527
376,0.290301,0.709699,18.803693,0.002777,0.290304
377,0.293083,0.706917,18.81262,0.002782,0.293086
378,0.295869,0.704131,18.821481,0.002786,0.295872
379,0.298659,0.701341,18.830276,0.00279,0.298662
380,0.301452,0.698548,18.839005,0.002794,0.301456
381,0.30425,0.69575,18.84767,0.002797,0.304253
382,0.30705,0.69295,18.856269,0.002801,0.307054
383,0.309855,0.690145,18.864804,0.002804,0.309858
384,0.312662,0.687338,18.873276,0.002807,0.312665
385,0.315472,0.684528,18.881684,0.00281,0.315475
386,0.318284,0.681716,18.89003,0.002813,0.318288
387,0.321099,0.678901,18.898313,0.002815,0.321103
388,0.323917,0.676083,18.906535,0.002817,0.32392
389,0.326736,0.673264,18.914695,0.00282,0.32674
390,0.329558,0.670442,18.922794,0.002822,0.329562
391,0.332381,0.667619,18.930833,0.002823,0.332385
392,0.335206,0.664794,18.938812,0.002825,0.33521
393,0.338032,0.661968,18.946731,0.002826,0.338036
394,0.34086,0.65914,18.954592,0.002827,0.340863
395,0.343688,0.656312,18.962393,0.002829,0.343692
396,0.346518,0.653482,18.970137,0.002829,0.346521
397,0.349348,0.650652,18.977822,0.00283,0.349351
398,0.352178,0.647822,18.98545,0.002831,0.352182
399,0.355009,0.644991,18.993022,0.002831,0.355013
400,0.357841,0.642159,19.000536,0.002831,0.357844
401,0.360672,0.639328,19.007995,0.002831,0.360675
402,0.363503,0.636497,19.015398,0.002831,0.363506
403,0.366333,0.633667,19.022746,0.002831,0.366337
404,0.369164,0.630836,19.030039,0.00283,0.369167
405,0.371993,0.628007,19.037277,0.00283,0.371997
406,0.374822,0.625178,19.044462,0.002829,0.374826
407,0.37765,0.62235,19.051593,0.002828,0.377654
408,0.380477,0.619523,19.05867,0.002827,0.380481
409,0.383302,0.616698,19.065695,0.002825,0.383306
410,0.386126,0.613874,19.072668,0.002824,0.38613
411,0.388948,0.611052,19.079588,0.002822,0.388952
412,0.391769,0.608231,19.086457,0.002821,0.391773
413,0.394588,0.605412,19.093274,0.002819,0.394592
414,0.397404,0.602596,19.100041,0.002817,0.397409
415,0.400219,0.599781,19.106757,0.002815,0.400224
416,0.403031,0.596969,19.113423,0.002812,0.403036
417,0.405841,0.594159,19.120039,0.00281,0.405846
418,0.408648,0.591352,19.126606,0.002807,0.408653
419,0.411452,0.588548,19.133124,0.002804,0.411457
420,0.414254,0.585746,19.139593,0.002801,0.414258
421,0.417052,0.582948,19.146014,0.002798,0.417056
422,0.419847,0.580153,19.152387,0.002795,0.419851
423,0.422639,0.577361,19.158713,0.002792,0.422643
424,0.425427,0.574573,19.164991,0.002788,0.425431
425,0.428212,0.571788,19.171222,0.002785,0.428216
426,0.430993,0.569007,19.177407,0.002781,0.430997
427,0.43377,0.56623,19.183546,0.002777,0.433774
428,0.436544,0.563456,19.189639,0.002773,0.436547
429,0.439313,0.560687,19.195686,0.002769,0.439316
430,0.442078,0.557922,19.201689,0.002765,0.442081
431,0.444839,0.555161,19.207646,0.002761,0.444842
432,0.447595,0.552405,19.213559,0.002756,0.447598
433,0.450346,0.549654,19.219428,0.002752,0.45035
434,0.453093,0.546907,19.225253,0.002747,0.453097
435,0.455835,0.544165,19.231035,0.002742,0.455839
436,0.458572,0.541428,19.236774,0.002737,0.458576
437,0.461305,0.538695,19.242469,0.002732,0.461308
438,0.464032,0.535968,19.248123,0.002727,0.464035
439,0.466753,0.533247,19.253734,0.002722,0.466757
440,0.46947,0.53053,19.259303,0.002716,0.469473
441,0.47218,0.52782,19.26483,0.002711,0.472184
442,0.474886,0.525114,19.270317,0.002705,0.474889
443,0.477585,0.522415,19.275762,0.0027,0.477589
444,0.480279,0.519721,19.281167,0.002694,0.480283
445,0.482967,0.517033,19.286531,0.002688,0.482971
446,0.485649,0.514351,19.291856,0.002682,0.485653
447,0.488325,0.511675,19.29714,0.002676,0.488329
448,0.490995,0.509005,19.302386,0.00267,0.490999
449,0.493658,0.506342,19.307592,0.002663,0.493662
450,0.496316,0.503684,19.312759,0.002657,0.496319
451,0.498966,0.501034,19.317887,0.002651,0.49897
452,0.50161,0.49839,19.322978,0.002644,0.501614
453,0.504248,0.495752,19.32803,0.002638,0.504252
454,0.506879,0.493121,19.333045,0.002631,0.506883
455,0.509503,0.490497,19.338022,0.002624,0.509507
456,0.51212,0.48788,19.342962,0.002617,0.512124
457,0.51473,0.48527,19.347866,0.00261,0.514734
458,0.517334,0.482666,19.352732,0.002603,0.517337
459,0.51993,0.48007,19.357563,0.002596,0.519933
460,0.522519,0.477481,19.362357,0.002589,0.522522
461,0.5251,0.4749,19.367116,0.002582,0.525104
462,0.527675,0.472325,19.371839,0.002574,0.527678
463,0.530242,0.469758,19.376526,0.002567,0.530245
464,0.532801,0.467199,19.381179,0.00256,0.532805
465,0.535353,0.464647,19.385797,0.002552,0.535357
466,0.537898,0.462102,19.390381,0.002544,0.537901
467,0.540434,0.459566,19.39493,0.002537,0.540438
468,0.542963,0.457037,19.399446,0.002529,0.542967
469,0.545485,0.454515,19.403927,0.002521,0.545488
470,0.547998,0.452002,19.408376,0.002513,0.548001
471,0.550503,0.449497,19.412791,0.002505,0.550506
472,0.553001,0.446999,19.417173,0.002497,0.553003
473,0.55549,0.44451,19.421522,0.002489,0.555492
474,0.557972,0.442028,19.425839,0.002481,0.557973
475,0.560445,0.439555,19.430124,0.002473,0.560446
476,0.56291,0.43709,19.434377,0.002465,0.562911
477,0.565366,0.434634,19.438598,0.002457,0.565368
478,0.567815,0.432185,19.442788,0.002448,0.567816
479,0.570255,0.429745,19.446946,0.00244,0.570256
480,0.572687,0.427313,19.451073,0.002432,0.572688
481,0.57511,0.42489,19.45517,0.002423,0.575111
482,0.577525,0.422475,19.459236,0.002415,0.577526
483,0.579931,0.420069,19.463271,0.002406,0.579932
484,0.582329,0.417671,19.467277,0.002398,0.58233
485,0.584718,0.415282,19.471252,0.002389,0.584719
486,0.587098,0.412902,19.475198,0.00238,0.587099
487,0.58947,0.41053,19.479114,0.002372,0.589471
488,0.591833,0.408167,19.483002,0.002363,0.591834
489,0.594187,0.405813,19.48686,0.002354,0.594188
490,0.596532,0.403468,19.490689,0.002345,0.596533
491,0.598869,0.401131,19.49449,0.002337,0.59887
492,0.601196,0.398804,19.498263,0.002328,0.601198
493,0.603515,0.396485,19.502007,0.002319,0.603517
494,0.605825,0.394175,19.505723,0.00231,0.605827
495,0.608126,0.391874,19.509412,0.002301,0.608128
496,0.610418,0.389582,19.513073,0.002292,0.61042
497,0.612701,0.387299,19.516707,0.002283,0.612703
498,0.614974,0.385026,19.520313,0.002274,0.614977
499,0.617239,0.382761,19.523893,0.002265,0.617242
500,0.619495,0.380505,19.527446,0.002256,0.619498
501,0.621741,0.378259,19.530973,0.002247,0.621745
502,0.623979,0.376021,19.534473,0.002237,0.623982
503,0.626207,0.373793,19.537947,0.002228,0.62621
504,0.628426,0.371574,19.541395,0.002219,0.628429
505,0.630636,0.369364,19.544818,0.00221,0.630639
506,0.632837,0.367163,19.548214,0.002201,0.63284
507,0.635028,0.364972,19.551586,0.002191,0.635031
508,0.63721,0.36279,19.554932,0.002182,0.637213
509,0.639383,0.360617,19.558254,0.002173,0.639386
510,0.641546,0.358454,19.56155,0.002164,0.64155
511,0.643701,0.356299,19.564822,0.002154,0.643704
512,0.645846,0.354154,19.56807,0.002145,0.645849
513,0.647981,0.352019,19.571293,0.002136,0.647985
514,0.650108,0.349892,19.574493,0.002126,0.650111
515,0.652225,0.347775,19.577668,0.002117,0.652228
516,0.654332,0.345668,19.58082,0.002108,0.654336
517,0.656431,0.343569,19.583948,0.002098,0.656434
518,0.65852,0.34148,19.587053,0.002089,0.658523
519,0.660599,0.339401,19.590135,0.00208,0.660603
520,0.662669,0.337331,19.593193,0.00207,0.662673
521,0.66473,0.33527,19.596229,0.002061,0.664734
522,0.666782,0.333218,19.599242,0.002051,0.666785
523,0.668824,0.331176,19.602233,0.002042,0.668827
524,0.670856,0.329144,19.605201,0.002033,0.67086
525,0.672879,0.327121,19.608148,0.002023,0.672883
526,0.674893,0.325107,19.611072,0.002014,0.674897
527,0.676898,0.323102,19.613974,0.002004,0.676901
528,0.678893,0.321107,19.616855,0.001995,0.678896
529,0.680879,0.319121,19.619715,0.001986,0.680882
530,0.682855,0.317145,19.622552,0.001976,0.682858
531,0.684822,0.315178,19.625369,0.001967,0.684825
532,0.686779,0.313221,19.628165,0.001958,0.686783
533,0.688728,0.311272,19.63094,0.001948,0.688731
534,0.690666,0.309334,19.633694,0.001939,0.69067
535,0.692596,0.307404,19.636428,0.001929,0.692599
536,0.694516,0.305484,19.639141,0.00192,0.694519
537,0.696427,0.303573,19.641834,0.001911,0.69643
538,0.698328,0.301672,19.644507,0.001901,0.698331
539,0.70022,0.29978,19.64716,0.001892,0.700223
540,0.702103,0.297897,19.649793,0.001883,0.702106
541,0.703976,0.296024,19.652406,0.001873,0.703979
542,0.70584,0.29416,19.655,0.001864,0.705843
543,0.707695,0.292305,19.657575,0.001855,0.707698
544,0.709541,0.290459,19.66013,0.001846,0.709544
545,0.711377,0.288623,19.662667,0.001836,0.71138
546,0.713204,0.286796,19.665184,0.001827,0.713207
547,0.715022,0.284978,19.667683,0.001818,0.715025
548,0.71683,0.28317,19.670163,0.001809,0.716834
549,0.71863,0.28137,19.672624,0.001799,0.718633
550,0.72042,0.27958,19.675067,0.00179,0.720423
551,0.722201,0.277799,19.677492,0.001781,0.722204
552,0.723973,0.276027,19.679899,0.001772,0.723976
553,0.725735,0.274265,19.682288,0.001763,0.725739
554,0.727489,0.272511,19.684659,0.001753,0.727492
555,0.729233,0.270767,19.687012,0.001744,0.729236
556,0.730968,0.269032,19.689348,0.001735,0.730971
557,0.732694,0.267306,19.691666,0.001726,0.732697
558,0.734412,0.265588,19.693967,0.001717,0.734414
559,0.73612,0.26388,19.696251,0.001708,0.736122
560,0.737819,0.262181,19.698518,0.001699,0.737821
561,0.739509,0.260491,19.700768,0.00169,0.739511
562,0.74119,0.25881,19.703001,0.001681,0.741192
563,0.742862,0.257138,19.705217,0.001672,0.742864
564,0.744525,0.255475,19.707417,0.001663,0.744527
565,0.746179,0.253821,19.7096,0.001654,0.746181
566,0.747824,0.252176,19.711768,0.001645,0.747826
567,0.74946,0.25054,19.713919,0.001636,0.749462
568,0.751088,0.248912,19.716053,0.001627,0.751089
569,0.752707,0.247293,19.718172,0.001619,0.752708
570,0.754316,0.245684,19.720276,0.00161,0.754318
571,0.755917,0.244083,19.722363,0.001601,0.755919
572,0.75751,0.24249,19.724435,0.001592,0.757511
573,0.759093,0.240907,19.726492,0.001584,0.759095
574,0.760668,0.239332,19.728533,0.001575,0.76067
575,0.762234,0.237766,19.730558,0.001566,0.762236
576,0.763792,0.236208,19.732569,0.001557,0.763793
577,0.76534,0.23466,19.734565,0.001549,0.765342
578,0.766881,0.233119,19.736546,0.00154,0.766882
579,0.768412,0.231588,19.738512,0.001532,0.768414
580,0.769935,0.230065,19.740463,0.001523,0.769937
581,0.77145,0.22855,19.7424,0.001514,0.771451
582,0.772956,0.227044,19.744323,0.001506,0.772957
583,0.774453,0.225547,19.746231,0.001497,0.774454
584,0.775942,0.224058,19.748124,0.001489,0.775943
585,0.777423,0.222577,19.750004,0.001481,0.777424
586,0.778895,0.221105,19.75187,0.001472,0.778896
587,0.780358,0.219642,19.753721,0.001464,0.78036
588,0.781814,0.218186,19.755559,0.001455,0.781815
589,0.783261,0.216739,19.757384,0.001447,0.783262
590,0.7847,0.2153,19.759194,0.001439,0.784701
591,0.78613,0.21387,19.760991,0.001431,0.786132
592,0.787553,0.212447,19.762775,0.001422,0.787554
593,0.788967,0.211033,19.764545,0.001414,0.788968
594,0.790373,0.209627,19.766302,0.001406,0.790374
595,0.79177,0.20823,19.768046,0.001398,0.791772
596,0.79316,0.20684,19.769777,0.00139,0.793162
597,0.794542,0.205458,19.771495,0.001382,0.794544
598,0.795915,0.204085,19.773201,0.001373,0.795917
599,0.797281,0.202719,19.774893,0.001365,0.797282
600,0.798638,0.201362,19.776573,0.001357,0.798639
601,0.799988,0.200012,19.77824,0.001349,0.799988
602,0.801329,0.198671,19.779895,0.001342,0.80133
603,0.802663,0.197337,19.781538,0.001334,0.802664
604,0.803988,0.196012,19.783168,0.001326,0.80399
605,0.805306,0.194694,19.784786,0.001318,0.805308
606,0.806617,0.193383,19.786392,0.00131,0.806618
607,0.807919,0.192081,19.787987,0.001302,0.80792
608,0.809213,0.190787,19.789569,0.001295,0.809215
609,0.8105,0.1895,19.791139,0.001287,0.810502
610,0.811779,0.188221,19.792698,0.001279,0.811781
611,0.813051,0.186949,19.794245,0.001272,0.813053
612,0.814315,0.185685,19.79578,0.001264,0.814317
613,0.815571,0.184429,19.797304,0.001256,0.815573
614,0.81682,0.18318,19.798817,0.001249,0.816822
615,0.818061,0.181939,19.800318,0.001241,0.818063
616,0.819295,0.180705,19.801808,0.001234,0.819297
617,0.820521,0.179479,19.803288,0.001226,0.820523
618,0.82174,0.17826,19.804756,0.001219,0.821742
619,0.822951,0.177049,19.806213,0.001211,0.822953
620,0.824155,0.175845,19.807659,0.001204,0.824157
621,0.825352,0.174648,19.809094,0.001197,0.825354
622,0.826541,0.173459,19.810519,0.001189,0.826543
623,0.827723,0.172277,19.811933,0.001182,0.827725
624,0.828898,0.171102,19.813336,0.001175,0.8289
625,0.830066,0.169934,19.814729,0.001168,0.830068
626,0.831226,0.168774,19.816112,0.00116,0.831228
627,0.832379,0.167621,19.817484,0.001153,0.832381
628,0.833526,0.166474,19.818846,0.001146,0.833527
629,0.834665,0.165335,19.820198,0.001139,0.834666
630,0.835797,0.164203,19.82154,0.001132,0.835798
631,0.836922,0.163078,19.822872,0.001125,0.836923
632,0.83804,0.16196,19.824194,0.001118,0.838041
633,0.839151,0.160849,19.825506,0.001111,0.839152
634,0.840255,0.159745,19.826808,0.001104,0.840256
635,0.841353,0.158647,19.8281,0.001097,0.841353
636,0.842443,0.157557,19.829383,0.00109,0.842443
637,0.843527,0.156473,19.830656,0.001084,0.843527
638,0.844604,0.155396,19.83192,0.001077,0.844604
639,0.845674,0.154326,19.833175,0.00107,0.845674
640,0.846737,0.153263,19.834419,0.001063,0.846737
641,0.847794,0.152206,19.835655,0.001057,0.847794
642,0.848844,0.151156,19.836882,0.00105,0.848844
643,0.849888,0.150112,19.838099,0.001043,0.849887
644,0.850924,0.149076,19.839307,0.001037,0.850924
645,0.851955,0.148045,19.840506,0.00103,0.851954
646,0.852979,0.147021,19.841697,0.001024,0.852978
647,0.853996,0.146004,19.842878,0.001017,0.853995
648,0.855007,0.144993,19.84405,0.001011,0.855006
649,0.856011,0.143989,19.845214,0.001004,0.85601
650,0.857009,0.142991,19.846369,0.000998,0.857008
651,0.858001,0.141999,19.847516,0.000992,0.858
652,0.858986,0.141014,19.848654,0.000985,0.858985
653,0.859965,0.140035,19.849783,0.000979,0.859964
654,0.860938,0.139062,19.850904,0.000973,0.860937
655,0.861905,0.138095,19.852017,0.000967,0.861904
656,0.862865,0.137135,19.853121,0.00096,0.862864
657,0.863819,0.136181,19.854217,0.000954,0.863818
658,0.864767,0.135233,19.855305,0.000948,0.864766
659,0.865709,0.134291,19.856385,0.000942,0.865708
660,0.866645,0.133355,19.857457,0.000936,0.866644
661,0.867575,0.132425,19.858521,0.00093,0.867574
662,0.868499,0.131501,19.859576,0.000924,0.868498
663,0.869416,0.130584,19.860624,0.000918,0.869416
664,0.870328,0.129672,19.861665,0.000912,0.870328
665,0.871234,0.128766,19.862697,0.000906,0.871234
666,0.872135,0.127865,19.863722,0.0009,0.872134
667,0.873029,0.126971,19.864739,0.000894,0.873028
668,0.873917,0.126083,19.865748,0.000888,0.873916
669,0.8748,0.1252,19.86675,0.000883,0.874799
670,0.875677,0.124323,19.867744,0.000877,0.875676
671,0.876548,0.123452,19.868731,0.000871,0.876547
672,0.877414,0.122586,19.869711,0.000865,0.877412
673,0.878273,0.121727,19.870683,0.00086,0.878272
674,0.879128,0.120872,19.871648,0.000854,0.879126
675,0.879976,0.120024,19.872606,0.000849,0.879975
676,0.880819,0.119181,19.873557,0.000843,0.880818
677,0.881657,0.118343,19.8745,0.000838,0.881656
678,0.882489,0.117511,19.875437,0.000832,0.882488
679,0.883315,0.116685,19.876367,0.000827,0.883315
680,0.884136,0.115864,19.877289,0.000821,0.884136
681,0.884952,0.115048,19.878205,0.000816,0.884952
682,0.885762,0.114238,19.879114,0.00081,0.885762
683,0.886567,0.113433,19.880016,0.000805,0.886567
684,0.887367,0.112633,19.880911,0.0008,0.887367
685,0.888161,0.111839,19.8818,0.000794,0.888161
686,0.88895,0.11105,19.882682,0.000789,0.88895
687,0.889734,0.110266,19.883558,0.000784,0.889734
688,0.890513,0.109487,19.884427,0.000779,0.890513
689,0.891286,0.108714,19.885289,0.000773,0.891286
690,0.892054,0.107946,19.886145,0.000768,0.892054
691,0.892817,0.107183,19.886995,0.000763,0.892817
692,0.893576,0.106424,19.887838,0.000758,0.893575
693,0.894329,0.105671,19.888675,0.000753,0.894328
694,0.895077,0.104923,19.889506,0.000748,0.895076
695,0.89582,0.10418,19.890331,0.000743,0.895819
696,0.896558,0.103442,19.891149,0.000738,0.896557
697,0.897291,0.102709,19.891961,0.000733,0.89729
698,0.898019,0.101981,19.892768,0.000728,0.898018
699,0.898742,0.101258,19.893568,0.000723,0.898741
700,0.899461,0.100539,19.894362,0.000718,0.899459
701,0.900174,0.099826,19.89515,0.000714,0.900173
702,0.900883,0.099117,19.895933,0.000709,0.900882
703,0.901587,0.098413,19.89671,0.000704,0.901586
704,0.902287,0.097713,19.89748,0.000699,0.902285
705,0.902981,0.097019,19.898245,0.000695,0.90298
706,0.903671,0.096329,19.899005,0.00069,0.90367
707,0.904356,0.095644,19.899758,0.000685,0.904355
708,0.905037,0.094963,19.900507,0.000681,0.905036
709,0.905713,0.094287,19.901249,0.000676,0.905712
710,0.906385,0.093615,19.901986,0.000671,0.906383
711,0.907051,0.092949,19.902717,0.000667,0.90705
712,0.907714,0.092286,19.903443,0.000662,0.907712
713,0.908372,0.091628,19.904164,0.000658,0.90837
714,0.909025,0.090975,19.904879,0.000653,0.909023
715,0.909674,0.090326,19.905589,0.000649,0.909672
716,0.910319,0.089681,19.906294,0.000645,0.910317
717,0.910959,0.089041,19.906993,0.00064,0.910957
718,0.911595,0.088405,19.907687,0.000636,0.911593
719,0.912226,0.087774,19.908376,0.000632,0.912225
720,0.912854,0.087146,19.90906,0.000627,0.912852
721,0.913477,0.086523,19.909738,0.000623,0.913475
722,0.914095,0.085905,19.910412,0.000619,0.914094
723,0.91471,0.08529,19.91108,0.000614,0.914708
724,0.91532,0.08468,19.911744,0.00061,0.915318
725,0.915926,0.084074,19.912403,0.000606,0.915924
726,0.916528,0.083472,19.913056,0.000602,0.916526
727,0.917126,0.082874,19.913705,0.000598,0.917124
728,0.91772,0.08228,19.914349,0.000594,0.917718
729,0.918309,0.081691,19.914988,0.00059,0.918308
730,0.918895,0.081105,19.915623,0.000586,0.918894
731,0.919476,0.080524,19.916252,0.000582,0.919476
732,0.920054,0.079946,19.916877,0.000578,0.920054
733,0.920628,0.079372,19.917498,0.000574,0.920628
734,0.921197,0.078803,19.918113,0.00057,0.921198
735,0.921763,0.078237,19.918725,0.000566,0.921764
736,0.922325,0.077675,19.919331,0.000562,0.922326
737,0.922883,0.077117,19.919933,0.000558,0.922884
738,0.923437,0.076563,19.920531,0.000554,0.923438
739,0.923987,0.076013,19.921124,0.00055,0.923988
740,0.924534,0.075466,19.921712,0.000547,0.924535
741,0.925077,0.074923,19.922297,0.000543,0.925078
742,0.925616,0.074384,19.922876,0.000539,0.925617
743,0.926151,0.073849,19.923452,0.000535,0.926152
744,0.926682,0.073318,19.924023,0.000532,0.926684
745,0.92721,0.07279,19.92459,0.000528,0.927212
746,0.927734,0.072266,19.925153,0.000524,0.927736
747,0.928255,0.071745,19.925712,0.000521,0.928257
748,0.928772,0.071228,19.926266,0.000517,0.928774
749,0.929285,0.070715,19.926816,0.000513,0.929287
750,0.929795,0.070205,19.927362,0.00051,0.929797
751,0.930301,0.069699,19.927904,0.000506,0.930303
752,0.930804,0.069196,19.928442,0.000503,0.930806
753,0.931303,0.068697,19.928976,0.000499,0.931305
754,0.931799,0.068201,19.929506,0.000496,0.931801
755,0.932291,0.067709,19.930033,0.000492,0.932293
756,0.93278,0.06722,19.930555,0.000489,0.932782
757,0.933266,0.066734,19.931073,0.000485,0.933267
758,0.933748,0.066252,19.931587,0.000482,0.933749
759,0.934226,0.065774,19.932098,0.000479,0.934228
760,0.934702,0.065298,19.932605,0.000475,0.934703
761,0.935174,0.064826,19.933108,0.000472,0.935175
762,0.935643,0.064357,19.933607,0.000469,0.935644
763,0.936108,0.063892,19.934102,0.000465,0.936109
764,0.93657,0.06343,19.934594,0.000462,0.936571
765,0.937029,0.062971,19.935082,0.000459,0.93703
766,0.937485,0.062515,19.935567,0.000456,0.937486
767,0.937938,0.062062,19.936047,0.000453,0.937939
768,0.938387,0.061613,19.936525,0.000449,0.938388
769,0.938833,0.061167,19.936998,0.000446,0.938834
770,0.939276,0.060724,19.937469,0.000443,0.939277
771,0.939716,0.060284,19.937935,0.00044,0.939717
772,0.940153,0.059847,19.938398,0.000437,0.940154
773,0.940587,0.059413,19.938858,0.000434,0.940588
774,0.941018,0.058982,19.939314,0.000431,0.941019
775,0.941446,0.058554,19.939767,0.000428,0.941447
776,0.94187,0.05813,19.940217,0.000425,0.941872
777,0.942292,0.057708,19.940663,0.000422,0.942294
778,0.942711,0.057289,19.941106,0.000419,0.942713
779,0.943127,0.056873,19.941545,0.000416,0.943129
780,0.94354,0.05646,19.941981,0.000413,0.943542
781,0.94395,0.05605,19.942414,0.00041,0.943952
782,0.944357,0.055643,19.942844,0.000407,0.944359
783,0.944761,0.055239,19.943271,0.000404,0.944763
784,0.945162,0.054838,19.943694,0.000401,0.945164
785,0.945561,0.054439,19.944114,0.000399,0.945563
786,0.945956,0.054044,19.944531,0.000396,0.945959
787,0.946349,0.053651,19.944945,0.000393,0.946352
788,0.94674,0.05326,19.945356,0.00039,0.946742
789,0.947127,0.052873,19.945764,0.000387,0.947129
790,0.947511,0.052489,19.946169,0.000385,0.947514
791,0.947893,0.052107,19.94657,0.000382,0.947896
792,0.948273,0.051727,19.946969,0.000379,0.948275
793,0.948649,0.051351,19.947365,0.000377,0.948652
794,0.949023,0.050977,19.947758,0.000374,0.949026
795,0.949394,0.050606,19.948147,0.000371,0.949397
796,0.949763,0.050237,19.948534,0.000369,0.949766
797,0.950129,0.049871,19.948919,0.000366,0.950132
798,0.950492,0.049508,19.9493,0.000363,0.950495
799,0.950853,0.049147,19.949678,0.000361,0.950856
800,0.951211,0.048789,19.950054,0.000358,0.951214
801,0.951566,0.048434,19.950426,0.000356,0.95157
802,0.95192,0.04808,19.950796,0.000353,0.951923
803,0.95227,0.04773,19.951163,0.000351,0.952274
804,0.952618,0.047382,19.951528,0.000348,0.952622
805,0.952964,0.047036,19.95189,0.000346,0.952968
806,0.953307,0.046693,19.952249,0.000343,0.953311
807,0.953648,0.046352,19.952605,0.000341,0.953652
808,0.953986,0.046014,19.952959,0.000338,0.95399
809,0.954322,0.045678,19.95331,0.000336,0.954326
810,0.954655,0.045345,19.953658,0.000333,0.954659
811,0.954987,0.045013,19.954004,0.000331,0.95499
812,0.955315,0.044685,19.954347,0.000329,0.955319
813,0.955642,0.044358,19.954688,0.000326,0.955645
814,0.955966,0.044034,19.955026,0.000324,0.955969
815,0.956287,0.043713,19.955362,0.000322,0.956291
816,0.956607,0.043393,19.955695,0.000319,0.95661
817,0.956924,0.043076,19.956026,0.000317,0.956927
818,0.957239,0.042761,19.956354,0.000315,0.957242
819,0.957552,0.042448,19.956679,0.000313,0.957555
820,0.957862,0.042138,19.957003,0.00031,0.957865
821,0.95817,0.04183,19.957324,0.000308,0.958173
822,0.958476,0.041524,19.957642,0.000306,0.958479
823,0.95878,0.04122,19.957958,0.000304,0.958783
824,0.959081,0.040919,19.958272,0.000302,0.959085
825,0.959381,0.040619,19.958583,0.000299,0.959384
826,0.959678,0.040322,19.958892,0.000297,0.959681
827,0.959973,0.040027,19.959199,0.000295,0.959976
828,0.960266,0.039734,19.959504,0.000293,0.960269
829,0.960557,0.039443,19.959806,0.000291,0.96056
830,0.960846,0.039154,19.960106,0.000289,0.960849
831,0.961133,0.038867,19.960404,0.000287,0.961136
832,0.961418,0.038582,19.960699,0.000285,0.961421
833,0.9617,0.0383,19.960992,0.000283,0.961704
834,0.961981,0.038019,19.961283,0.000281,0.961985
835,0.962259,0.037741,19.961572,0.000279,0.962264
836,0.962536,0.037464,19.961859,0.000277,0.962541
837,0.962811,0.037189,19.962144,0.000275,0.962816
838,0.963083,0.036917,19.962426,0.000273,0.963089
839,0.963354,0.036646,19.962707,0.000271,0.96336
840,0.963623,0.036377,19.962985,0.000269,0.963629
841,0.96389,0.03611,19.963261,0.000267,0.963896
842,0.964154,0.035846,19.963535,0.000265,0.964161
843,0.964417,0.035583,19.963808,0.000263,0.964424
844,0.964678,0.035322,19.964078,0.000261,0.964685
845,0.964938,0.035062,19.964346,0.000259,0.964944
846,0.965195,0.034805,19.964612,0.000257,0.965201
847,0.96545,0.03455,19.964876,0.000255,0.965456
848,0.965704,0.034296,19.965138,0.000254,0.96571
849,0.965956,0.034044,19.965398,0.000252,0.965962
850,0.966206,0.033794,19.965656,0.00025,0.966212
851,0.966454,0.033546,19.965913,0.000248,0.96646
852,0.9667,0.0333,19.966167,0.000246,0.966706
853,0.966945,0.033055,19.96642,0.000245,0.966951
854,0.967188,0.032812,19.96667,0.000243,0.967194
855,0.967429,0.032571,19.966919,0.000241,0.967435
856,0.967668,0.032332,19.967166,0.000239,0.967674
857,0.967906,0.032094,19.967411,0.000238,0.967912
858,0.968142,0.031858,19.967654,0.000236,0.968148
859,0.968376,0.031624,19.967895,0.000234,0.968382
860,0.968608,0.031392,19.968135,0.000232,0.968614
861,0.968839,0.031161,19.968373,0.000231,0.968845
862,0.969068,0.030932,19.968609,0.000229,0.969074
863,0.969296,0.030704,19.968843,0.000227,0.969301
864,0.969521,0.030479,19.969076,0.000226,0.969527
865,0.969746,0.030254,19.969306,0.000224,0.969751
866,0.969968,0.030032,19.969535,0.000223,0.969974
867,0.970189,0.029811,19.969763,0.000221,0.970195
868,0.970408,0.029592,19.969988,0.000219,0.970414
869,0.970626,0.029374,19.970212,0.000218,0.970632
870,0.970842,0.029158,19.970435,0.000216,0.970848
871,0.971057,0.028943,19.970655,0.000215,0.971063
872,0.97127,0.02873,19.970874,0.000213,0.971276
873,0.971481,0.028519,19.971092,0.000211,0.971487
874,0.971691,0.028309,19.971307,0.00021,0.971697
875,0.9719,0.0281,19.971521,0.000208,0.971905
876,0.972107,0.027893,19.971734,0.000207,0.972112
877,0.972312,0.027688,19.971945,0.000205,0.972317
878,0.972516,0.027484,19.972154,0.000204,0.972521
879,0.972718,0.027282,19.972362,0.000202,0.972723
880,0.972919,0.027081,19.972568,0.000201,0.972924
881,0.973119,0.026881,19.972773,0.0002,0.973124
882,0.973317,0.026683,19.972976,0.000198,0.973322
883,0.973514,0.026486,19.973178,0.000197,0.973519
884,0.973709,0.026291,19.973378,0.000195,0.973714
885,0.973903,0.026097,19.973577,0.000194,0.973908
886,0.974095,0.025905,19.973774,0.000192,0.9741
887,0.974286,0.025714,19.97397,0.000191,0.974291
888,0.974475,0.025525,19.974164,0.00019,0.974481
889,0.974664,0.025336,19.974357,0.000188,0.974669
890,0.97485,0.02515,19.974548,0.000187,0.974856
891,0.975036,0.024964,19.974738,0.000185,0.975041
892,0.97522,0.02478,19.974927,0.000184,0.975225
893,0.975403,0.024597,19.975114,0.000183,0.975408
894,0.975584,0.024416,19.975299,0.000181,0.975589
895,0.975764,0.024236,19.975484,0.00018,0.975769
896,0.975943,0.024057,19.975667,0.000179,0.975948
897,0.976121,0.023879,19.975848,0.000177,0.976125
898,0.976297,0.023703,19.976029,0.000176,0.976301
899,0.976472,0.023528,19.976207,0.000175,0.976476
900,0.976645,0.023355,19.976385,0.000174,0.97665
901,0.976818,0.023182,19.976561,0.000172,0.976822
902,0.976989,0.023011,19.976736,0.000171,0.976993
903,0.977159,0.022841,19.97691,0.00017,0.977163
904,0.977327,0.022673,19.977082,0.000169,0.977332
905,0.977495,0.022505,19.977253,0.000167,0.977499
906,0.977661,0.022339,19.977423,0.000166,0.977665
907,0.977826,0.022174,19.977591,0.000165,0.97783
908,0.97799,0.02201,19.977759,0.000164,0.977994
909,0.978152,0.021848,19.977925,0.000163,0.978157
910,0.978314,0.021686,19.978089,0.000161,0.978318
911,0.978474,0.021526,19.978253,0.00016,0.978478
912,0.978633,0.021367,19.978415,0.000159,0.978637
913,0.978791,0.021209,19.978576,0.000158,0.978795
914,0.978947,0.021053,19.978736,0.000157,0.978952
915,0.979103,0.020897,19.978895,0.000156,0.979108
916,0.979257,0.020743,19.979052,0.000154,0.979262
917,0.979411,0.020589,19.979209,0.000153,0.979415
918,0.979563,0.020437,19.979364,0.000152,0.979567
919,0.979714,0.020286,19.979518,0.000151,0.979718
920,0.979864,0.020136,19.979671,0.00015,0.979868
921,0.980013,0.019987,19.979822,0.000149,0.980017
922,0.98016,0.01984,19.979973,0.000148,0.980165
923,0.980307,0.019693,19.980122,0.000147,0.980312
924,0.980453,0.019547,19.980271,0.000146,0.980458
925,0.980597,0.019403,19.980418,0.000145,0.980603
926,0.980741,0.019259,19.980564,0.000143,0.980746
927,0.980883,0.019117,19.980709,0.000142,0.980888
928,0.981024,0.018976,19.980853,0.000141,0.981029
929,0.981165,0.018835,19.980996,0.00014,0.981169
930,0.981304,0.018696,19.981138,0.000139,0.981308
931,0.981442,0.018558,19.981279,0.000138,0.981446
932,0.98158,0.01842,19.981418,0.000137,0.981583
933,0.981716,0.018284,19.981557,0.000136,0.981719
934,0.981851,0.018149,19.981695,0.000135,0.981854
935,0.981985,0.018015,19.981831,0.000134,0.981988
936,0.982119,0.017881,19.981967,0.000133,0.982121
937,0.982251,0.017749,19.982101,0.000132,0.982253
938,0.982382,0.017618,19.982235,0.000131,0.982384
939,0.982513,0.017487,19.982367,0.00013,0.982514
940,0.982642,0.017358,19.982499,0.000129,0.982643
941,0.982771,0.017229,19.98263,0.000128,0.982771
942,0.982898,0.017102,19.982759,0.000128,0.982899
943,0.983025,0.016975,19.982888,0.000127,0.983026
944,0.983151,0.016849,19.983016,0.000126,0.983152
945,0.983275,0.016725,19.983142,0.000125,0.983277
946,0.983399,0.016601,19.983268,0.000124,0.983401
947,0.983522,0.016478,19.983393,0.000123,0.983524
948,0.983644,0.016356,19.983517,0.000122,0.983646
949,0.983765,0.016235,19.98364,0.000121,0.983767
950,0.983885,0.016115,19.983762,0.00012,0.983887
951,0.984005,0.015995,19.983883,0.000119,0.984006
952,0.984123,0.015877,19.984004,0.000118,0.984124
953,0.984241,0.015759,19.984123,0.000118,0.984242
954,0.984358,0.015642,19.984241,0.000117,0.984359
955,0.984473,0.015527,19.984359,0.000116,0.984475
956,0.984588,0.015412,19.984476,0.000115,0.98459
957,0.984703,0.015297,19.984592,0.000114,0.984704
958,0.984816,0.015184,19.984707,0.000113,0.984817
959,0.984928,0.015072,19.984821,0.000113,0.98493
960,0.98504,0.01496,19.984934,0.000112,0.985042
961,0.985151,0.014849,19.985046,0.000111,0.985153
962,0.985261,0.014739,19.985158,0.00011,0.985263
963,0.98537,0.01463,19.985269,0.000109,0.985372
964,0.985479,0.014521,19.985379,0.000108,0.98548
965,0.985586,0.014414,19.985488,0.000108,0.985588
966,0.985693,0.014307,19.985596,0.000107,0.985695
967,0.985799,0.014201,19.985704,0.000106,0.985801
968,0.985904,0.014096,19.98581,0.000105,0.985906
969,0.986009,0.013991,19.985916,0.000104,0.98601
970,0.986113,0.013887,19.986021,0.000104,0.986114
971,0.986216,0.013784,19.986126,0.000103,0.986217
972,0.986318,0.013682,19.986229,0.000102,0.986319
973,0.986419,0.013581,19.986332,0.000101,0.98642
974,0.98652,0.01348,19.986434,0.000101,0.986521
975,0.98662,0.01338,19.986535,0.0001,0.986621
976,0.986719,0.013281,19.986636,9.90E-05,0.98672
977,0.986818,0.013182,19.986735,9.80E-05,0.986818
978,0.986915,0.013085,19.986834,9.80E-05,0.986916
979,0.987013,0.012987,19.986933,9.70E-05,0.987013
980,0.987109,0.012891,19.98703,9.60E-05,0.987109
981,0.987204,0.012796,19.987127,9.60E-05,0.987205
982,0.987299,0.012701,19.987223,9.50E-05,0.9873
983,0.987394,0.012606,19.987318,9.40E-05,0.987394
984,0.987487,0.012513,19.987413,9.40E-05,0.987488
985,0.98758,0.01242,19.987507,9.30E-05,0.987581
986,0.987672,0.012328,19.9876,9.20E-05,0.987673
987,0.987764,0.012236,19.987693,9.10E-05,0.987764
988,0.987854,0.012146,19.987785,9.10E-05,0.987855
989,0.987944,0.012056,19.987876,9.00E-05,0.987945
990,0.988034,0.011966,19.987966,8.90E-05,0.988034
991,0.988123,0.011877,19.988056,8.90E-05,0.988123
992,0.988211,0.011789,19.988145,8.80E-05,0.988211
993,0.988298,0.011702,19.988234,8.70E-05,0.988298
994,0.988385,0.011615,19.988321,8.70E-05,0.988385
995,0.988471,0.011529,19.988409,8.60E-05,0.988471
996,0.988557,0.011443,19.988495,8.60E-05,0.988557
997,0.988642,0.011358,19.988581,8.50E-05,0.988642
998,0.988726,0.011274,19.988666,8.40E-05,0.988726
999,0.98881,0.01119,19.988751,8.40E-05,0.98881
1000,0.988893,0.011107,19.988835,8.30E-05,0.988893
1001,0.988975,0.011025,19.988918,8.20E-05,0.988975
1002,0.989057,0.010943,19.989001,8.20E-05,0.989057
1003,0.989139,0.010861,19.989083,8.10E-05,0.989138
1004,0.989219,0.010781,19.989164,8.10E-05,0.989219
1005,0.989299,0.010701,19.989245,8.00E-05,0.989299
1006,0.989379,0.010621,19.989325,7.90E-05,0.989378
1007,0.989458,0.010542,19.989405,7.90E-05,0.989457
1008,0.989536,0.010464,19.989484,7.80E-05,0.989535
1009,0.989614,0.010386,19.989563,7.80E-05,0.989613
1010,0.989691,0.010309,19.98964,7.70E-05,0.98969
1011,0.989767,0.010233,19.989718,7.70E-05,0.989767
1012,0.989843,0.010157,19.989794,7.60E-05,0.989843
1013,0.989919,0.010081,19.989871,7.50E-05,0.989918
1014,0.989994,0.010006,19.989946,7.50E-05,0.989993
1015,0.990068,0.009932,19.990021,7.40E-05,0.990067
1016,0.990142,0.009858,19.990096,7.40E-05,0.990141
1017,0.990215,0.009785,19.99017,7.30E-05,0.990214
1018,0.990288,0.009712,19.990243,7.30E-05,0.990287
1019,0.99036,0.00964,19.990316,7.20E-05,0.990359
1020,0.990431,0.009569,19.990388,7.20E-05,0.990431
1021,0.990502,0.009498,19.99046,7.10E-05,0.990502
1022,0.990573,0.009427,19.990531,7.10E-05,0.990573
1023,0.990643,0.009357,19.990602,7.00E-05,0.990643
1024,0.990713,0.009287,19.990672,7.00E-05,0.990713
1025,0.990782,0.009218,19.990741,6.90E-05,0.990782
1026,0.99085,0.00915,19.990811,6.80E-05,0.99085
1027,0.990918,0.009082,19.990879,6.80E-05,0.990918
1028,0.990986,0.009014,19.990947,6.70E-05,0.990985
1029,0.991053,0.008947,19.991015,6.70E-05,0.991052
1030,0.991119,0.008881,19.991082,6.60E-05,0.991118
1031,0.991185,0.008815,19.991148,6.60E-05,0.991184
1032,0.991251,0.008749,19.991214,6.60E-05,0.99125
1033,0.991316,0.008684,19.99128,6.50E-05,0.991315
1034,0.99138,0.00862,19.991345,6.50E-05,0.99138
1035,0.991444,0.008556,19.99141,6.40E-05,0.991444
1036,0.991508,0.008492,19.991474,6.40E-05,0.991508
1037,0.991571,0.008429,19.991537,6.30E-05,0.991571
1038,0.991634,0.008366,19.991601,6.30E-05,0.991634
1039,0.991696,0.008304,19.991663,6.20E-05,0.991696
1040,0.991757,0.008243,19.991725,6.20E-05,0.991758
1041,0.991819,0.008181,19.991787,6.10E-05,0.991819
1042,0.99188,0.00812,19.991848,6.10E-05,0.99188
1043,0.99194,0.00806,19.991909,6.00E-05,0.99194
1044,0.992,0.008,19.99197,6.00E-05,0.992
1045,0.992059,0.007941,19.99203,5.90E-05,0.992059
1046,0.992118,0.007882,19.992089,5.90E-05,0.992118
1047,0.992177,0.007823,19.992148,5.90E-05,0.992177
1048,0.992235,0.007765,19.992207,5.80E-05,0.992235
1049,0.992293,0.007707,19.992265,5.80E-05,0.992293
1050,0.99235,0.00765,19.992323,5.70E-05,0.99235
1051,0.992407,0.007593,19.99238,5.70E-05,0.992407
1052,0.992464,0.007536,19.992437,5.60E-05,0.992463
1053,0.99252,0.00748,19.992493,5.60E-05,0.992519
1054,0.992575,0.007425,19.992549,5.60E-05,0.992575
1055,0.99263,0.00737,19.992605,5.50E-05,0.99263
1056,0.992685,0.007315,19.99266,5.50E-05,0.992685
1057,0.99274,0.00726,19.992715,5.40E-05,0.992739
1058,0.992794,0.007206,19.992769,5.40E-05,0.992793
1059,0.992847,0.007153,19.992823,5.40E-05,0.992847
1060,0.9929,0.0071,19.992877,5.30E-05,0.9929
1061,0.992953,0.007047,19.99293,5.30E-05,0.992953
1062,0.993006,0.006994,19.992983,5.20E-05,0.993005
1063,0.993058,0.006942,19.993035,5.20E-05,0.993057
1064,0.993109,0.006891,19.993087,5.20E-05,0.993109
1065,0.993161,0.006839,19.993139,5.10E-05,0.99316
1066,0.993211,0.006789,19.99319,5.10E-05,0.993211
1067,0.993262,0.006738,19.993241,5.00E-05,0.993261
1068,0.993312,0.006688,19.993291,5.00E-05,0.993311
1069,0.993362,0.006638,19.993341,5.00E-05,0.993361
1070,0.993411,0.006589,19.993391,4.90E-05,0.99341
1071,0.99346,0.00654,19.99344,4.90E-05,0.993459
1072,0.993509,0.006491,19.993489,4.90E-05,0.993508
1073,0.993557,0.006443,19.993538,4.80E-05,0.993556
1074,0.993605,0.006395,19.993586,4.80E-05,0.993604
1075,0.993653,0.006347,19.993634,4.80E-05,0.993652
1076,0.9937,0.0063,19.993681,4.70E-05,0.993699
1077,0.993747,0.006253,19.993728,4.70E-05,0.993746
1078,0.993793,0.006207,19.993775,4.70E-05,0.993793
1079,0.99384,0.00616,19.993822,4.60E-05,0.993839
1080,0.993885,0.006115,19.993868,4.60E-05,0.993885
1081,0.993931,0.006069,19.993914,4.60E-05,0.993931
1082,0.993976,0.006024,19.993959,4.50E-05,0.993976
1083,0.994021,0.005979,19.994004,4.50E-05,0.994021
1084,0.994065,0.005935,19.994049,4.40E-05,0.994065
1085,0.99411,0.00589,19.994093,4.40E-05,0.994109
1086,0.994153,0.005847,19.994137,4.40E-05,0.994153
1087,0.994197,0.005803,19.994181,4.40E-05,0.994197
1088,0.99424,0.00576,19.994224,4.30E-05,0.99424
1089,0.994283,0.005717,19.994268,4.30E-05,0.994283
1090,0.994325,0.005675,19.99431,4.30E-05,0.994326
1091,0.994368,0.005632,19.994353,4.20E-05,0.994368
1092,0.99441,0.00559,19.994395,4.20E-05,0.99441
1093,0.994451,0.005549,19.994437,4.20E-05,0.994452
1094,0.994493,0.005507,19.994478,4.10E-05,0.994493
1095,0.994534,0.005466,19.994519,4.10E-05,0.994534
1096,0.994574,0.005426,19.99456,4.10E-05,0.994575
1097,0.994615,0.005385,19.994601,4.00E-05,0.994615
1098,0.994655,0.005345,19.994641,4.00E-05,0.994655
1099,0.994694,0.005306,19.994681,4.00E-05,0.994695
1100,0.994734,0.005266,19.994721,3.90E-05,0.994734
1101,0.994773,0.005227,19.99476,3.90E-05,0.994773
1102,0.994812,0.005188,19.994799,3.90E-05,0.994812
1103,0.994851,0.005149,19.994838,3.90E-05,0.994851
1104,0.994889,0.005111,19.994877,3.80E-05,0.994889
1105,0.994927,0.005073,19.994915,3.80E-05,0.994927
1106,0.994965,0.005035,19.994953,3.80E-05,0.994965
1107,0.995002,0.004998,19.994991,3.70E-05,0.995002
1108,0.99504,0.00496,19.995028,3.70E-05,0.995039
1109,0.995077,0.004923,19.995065,3.70E-05,0.995076
1110,0.995113,0.004887,19.995102,3.70E-05,0.995113
1111,0.99515,0.00485,19.995138,3.60E-05,0.995149
1112,0.995186,0.004814,19.995175,3.60E-05,0.995185
1113,0.995222,0.004778,19.995211,3.60E-05,0.995221
1114,0.995257,0.004743,19.995247,3.60E-05,0.995257
1115,0.995292,0.004708,19.995282,3.50E-05,0.995292
1116,0.995327,0.004673,19.995317,3.50E-05,0.995327
1117,0.995362,0.004638,19.995352,3.50E-05,0.995362
1118,0.995397,0.004603,19.995387,3.50E-05,0.995397
1119,0.995431,0.004569,19.995421,3.40E-05,0.995431
1120,0.995465,0.004535,19.995455,3.40E-05,0.995465
1121,0.995499,0.004501,19.995489,3.40E-05,0.995499
1122,0.995532,0.004468,19.995523,3.40E-05,0.995533
1123,0.995566,0.004434,19.995556,3.30E-05,0.995566
1124,0.995599,0.004401,19.99559,3.30E-05,0.995599
1125,0.995631,0.004369,19.995622,3.30E-05,0.995632
1126,0.995664,0.004336,19.995655,3.30E-05,0.995665
1127,0.995696,0.004304,19.995688,3.20E-05,0.995697
1128,0.995728,0.004272,19.99572,3.20E-05,0.995729
1129,0.99576,0.00424,19.995752,3.20E-05,0.995761
1130,0.995792,0.004208,19.995783,3.20E-05,0.995793
1131,0.995823,0.004177,19.995815,3.10E-05,0.995824
1132,0.995854,0.004146,19.995846,3.10E-05,0.995855
1133,0.995885,0.004115,19.995877,3.10E-05,0.995886
1134,0.995916,0.004084,19.995908,3.10E-05,0.995917
1135,0.995946,0.004054,19.995938,3.00E-05,0.995947
1136,0.995976,0.004024,19.995969,3.00E-05,0.995977
1137,0.996006,0.003994,19.995999,3.00E-05,0.996007
1138,0.996036,0.003964,19.996029,3.00E-05,0.996037
1139,0.996066,0.003934,19.996058,3.00E-05,0.996067
1140,0.996095,0.003905,19.996088,2.90E-05,0.996096
1141,0.996124,0.003876,19.996117,2.90E-05,0.996125
1142,0.996153,0.003847,19.996146,2.90E-05,0.996154
1143,0.996182,0.003818,19.996175,2.90E-05,0.996183
1144,0.99621,0.00379,19.996203,2.80E-05,0.996211
1145,0.996238,0.003762,19.996232,2.80E-05,0.996239
1146,0.996266,0.003734,19.99626,2.80E-05,0.996267
1147,0.996294,0.003706,19.996288,2.80E-05,0.996295
1148,0.996322,0.003678,19.996315,2.80E-05,0.996323
1149,0.996349,0.003651,19.996343,2.70E-05,0.99635
1150,0.996376,0.003624,19.99637,2.70E-05,0.996377
1151,0.996403,0.003597,19.996397,2.70E-05,0.996404
1152,0.99643,0.00357,19.996424,2.70E-05,0.996431
1153,0.996457,0.003543,19.996451,2.70E-05,0.996458
1154,0.996483,0.003517,19.996477,2.60E-05,0.996484
1155,0.996509,0.003491,19.996504,2.60E-05,0.99651
1156,0.996535,0.003465,19.99653,2.60E-05,0.996536
1157,0.996561,0.003439,19.996555,2.60E-05,0.996562
1158,0.996587,0.003413,19.996581,2.60E-05,0.996588
1159,0.996612,0.003388,19.996607,2.50E-05,0.996613
1160,0.996637,0.003363,19.996632,2.50E-05,0.996638
1161,0.996662,0.003338,19.996657,2.50E-05,0.996663
1162,0.996687,0.003313,19.996682,2.50E-05,0.996688
1163,0.996712,0.003288,19.996707,2.50E-05,0.996713
1164,0.996736,0.003264,19.996731,2.40E-05,0.996737
1165,0.996761,0.003239,19.996756,2.40E-05,0.996761
1166,0.996785,0.003215,19.99678,2.40E-05,0.996785
1167,0.996809,0.003191,19.996804,2.40E-05,0.996809
1168,0.996833,0.003167,19.996828,2.40E-05,0.996833
1169,0.996856,0.003144,19.996852,2.40E-05,0.996857
1170,0.99688,0.00312,19.996875,2.30E-05,0.99688
1171,0.996903,0.003097,19.996898,2.30E-05,0.996903
1172,0.996926,0.003074,19.996922,2.30E-05,0.996926
1173,0.996949,0.003051,19.996945,2.30E-05,0.996949
1174,0.996972,0.003028,19.996967,2.30E-05,0.996972
1175,0.996994,0.003006,19.99699,2.30E-05,0.996995
1176,0.997017,0.002983,19.997012,2.20E-05,0.997017
1177,0.997039,0.002961,19.997035,2.20E-05,0.997039
1178,0.997061,0.002939,19.997057,2.20E-05,0.997061
1179,0.997083,0.002917,19.997079,2.20E-05,0.997083
1180,0.997105,0.002895,19.997101,2.20E-05,0.997105
1181,0.997126,0.002874,19.997122,2.20E-05,0.997127
1182,0.997148,0.002852,19.997144,2.10E-05,0.997148
1183,0.997169,0.002831,19.997165,2.10E-05,0.997169
1184,0.99719,0.00281,19.997186,2.10E-05,0.99719
1185,0.997211,0.002789,19.997207,2.10E-05,0.997211
1186,0.997232,0.002768,19.997228,2.10E-05,0.997232
1187,0.997252,0.002748,19.997249,2.10E-05,0.997253
1188,0.997273,0.002727,19.997269,2.00E-05,0.997273
1189,0.997293,0.002707,19.99729,2.00E-05,0.997293
1190,0.997313,0.002687,19.99731,2.00E-05,0.997313
1191,0.997333,0.002667,19.99733,2.00E-05,0.997333
1192,0.997353,0.002647,19.99735,2.00E-05,0.997353
1193,0.997373,0.002627,19.99737,2.00E-05,0.997373
1194,0.997392,0.002608,19.997389,2.00E-05,0.997393
1195,0.997412,0.002588,19.997409,1.90E-05,0.997412
1196,0.997431,0.002569,19.997428,1.90E-05,0.997431
1197,0.99745,0.00255,19.997447,1.90E-05,0.99745
1198,0.997469,0.002531,19.997466,1.90E-05,0.997469
1199,0.997488,0.002512,19.997485,1.90E-05,0.997488
1200,0.997507,0.002493,19.997504,1.90E-05,0.997507
1201,0.997526,0.002474,19.997523,1.90E-05,0.997526
1202,0.997544,0.002456,19.997541,1.80E-05,0.997544
1203,0.997562,0.002438,19.997559,1.80E-05,0.997562
1204,0.99758,0.00242,19.997578,1.80E-05,0.99758
1205,0.997598,0.002402,19.997596,1.80E-05,0.997598
1206,0.997616,0.002384,19.997614,1.80E-05,0.997616
1207,0.997634,0.002366,19.997632,1.80E-05,0.997634
1208,0.997652,0.002348,19.997649,1.80E-05,0.997652
1209,0.997669,0.002331,19.997667,1.80E-05,0.99767
1210,0.997687,0.002313,19.997684,1.70E-05,0.997687
1211,0.997704,0.002296,19.997701,1.70E-05,0.997704
1212,0.997721,0.002279,19.997719,1.70E-05,0.997721
1213,0.997738,0.002262,19.997736,1.70E-05,0.997738
1214,0.997755,0.002245,19.997753,1.70E-05,0.997755
1215,0.997772,0.002228,19.997769,1.70E-05,0.997772
1216,0.997788,0.002212,19.997786,1.70E-05,0.997789
1217,0.997805,0.002195,19.997802,1.60E-05,0.997805
1218,0.997821,0.002179,19.997819,1.60E-05,0.997821
1219,0.997837,0.002163,19.997835,1.60E-05,0.997837
1220,0.997853,0.002147,19.997851,1.60E-05,0.997853
1221,0.997869,0.002131,19.997867,1.60E-05,0.997869
1222,0.997885,0.002115,19.997883,1.60E-05,0.997885
1223,0.997901,0.002099,19.997899,1.60E-05,0.997901
1224,0.997917,0.002083,19.997915,1.60E-05,0.997917
1225,0.997932,0.002068,19.99793,1.60E-05,0.997933
1226,0.997948,0.002052,19.997946,1.50E-05,0.997948
1227,0.997963,0.002037,19.997961,1.50E-05,0.997963
1228,0.997978,0.002022,19.997976,1.50E-05,0.997978
1229,0.997993,0.002007,19.997991,1.50E-05,0.997993
1230,0.998008,0.001992,19.998006,1.50E-05,0.998008
1231,0.998023,0.001977,19.998021,1.50E-05,0.998023
1232,0.998038,0.001962,19.998036,1.50E-05,0.998038
1233,0.998052,0.001948,19.998051,1.50E-05,0.998053
1234,0.998067,0.001933,19.998065,1.50E-05,0.998068
1235,0.998081,0.001919,19.99808,1.40E-05,0.998082
1236,0.998096,0.001904,19.998094,1.40E-05,0.998096
1237,0.99811,0.00189,19.998108,1.40E-05,0.99811
1238,0.998124,0.001876,19.998122,1.40E-05,0.998124
1239,0.998138,0.001862,19.998136,1.40E-05,0.998138
1240,0.998152,0.001848,19.99815,1.40E-05,0.998152
1241,0.998166,0.001834,19.998164,1.40E-05,0.998166
1242,0.998179,0.001821,19.998178,1.40E-05,0.99818
1243,0.998193,0.001807,19.998191,1.40E-05,0.998194
1244,0.998206,0.001794,19.998205,1.30E-05,0.998207
1245,0.99822,0.00178,19.998218,1.30E-05,0.99822
1246,0.998233,0.001767,19.998232,1.30E-05,0.998233
1247,0.998246,0.001754,19.998245,1.30E-05,0.998246
1248,0.998259,0.001741,19.998258,1.30E-05,0.998259
1249,0.998272,0.001728,19.998271,1.30E-05,0.998272
1250,0.998285,0.001715,19.998284,1.30E-05,0.998285
1251,0.998298,0.001702,19.998297,1.30E-05,0.998298
1252,0.998311,0.001689,19.998309,1.30E-05,0.998311
1253,0.998323,0.001677,19.998322,1.30E-05,0.998324
1254,0.998336,0.001664,19.998334,1.30E-05,0.998337
1255,0.998348,0.001652,19.998347,1.20E-05,0.998349
1256,0.99836,0.00164,19.998359,1.20E-05,0.998361
1257,0.998373,0.001627,19.998371,1.20E-05,0.998373
1258,0.998385,0.001615,19.998384,1.20E-05,0.998385
1259,0.998397,0.001603,19.998396,1.20E-05,0.998397
1260,0.998409,0.001591,19.998408,1.20E-05,0.998409
1261,0.998421,0.001579,19.998419,1.20E-05,0.998421
1262,0.998432,0.001568,19.998431,1.20E-05,0.998433
1263,0.998444,0.001556,19.998443,1.20E-05,0.998445
1264,0.998456,0.001544,19.998455,1.20E-05,0.998457
1265,0.998467,0.001533,19.998466,1.20E-05,0.998469
1266,0.998479,0.001521,19.998478,1.10E-05,0.99848
1267,0.99849,0.00151,19.998489,1.10E-05,0.998491
1268,0.998501,0.001499,19.9985,1.10E-05,0.998502
1269,0.998512,0.001488,19.998511,1.10E-05,0.998513
1270,0.998524,0.001476,19.998523,1.10E-05,0.998524
1271,0.998535,0.001465,19.998534,1.10E-05,0.998535
1272,0.998545,0.001455,19.998544,1.10E-05,0.998546
1273,0.998556,0.001444,19.998555,1.10E-05,0.998557
1274,0.998567,0.001433,19.998566,1.10E-05,0.998568
1275,0.998578,0.001422,19.998577,1.10E-05,0.998579
1276,0.998588,0.001412,19.998587,1.10E-05,0.99859
1277,0.998599,0.001401,19.998598,1.10E-05,0.998601
1278,0.998609,0.001391,19.998608,1.00E-05,0.998611
1279,0.99862,0.00138,19.998619,1.00E-05,0.998621
1280,0.99863,0.00137,19.998629,1.00E-05,0.998631
1281,0.99864,0.00136,19.998639,1.00E-05,0.998641
1282,0.99865,0.00135,19.99865,1.00E-05,0.998651
1283,0.99866,0.00134,19.99866,1.00E-05,0.998661
1284,0.99867,0.00133,19.99867,1.00E-05,0.998671
1285,0.99868,0.00132,19.99868,1.00E-05,0.998681
1286,0.99869,0.00131,19.998689,1.00E-05,0.998691
1287,0.9987,0.0013,19.998699,1.00E-05,0.998701
1288,0.99871,0.00129,19.998709,1.00E-05,0.998711
1289,0.998719,0.001281,19.998719,1.00E-05,0.998721
1290,0.998729,0.001271,19.998728,1.00E-05,0.998731
1291,0.998738,0.001262,19.998738,9.00E-06,0.99874
1292,0.998748,0.001252,19.998747,9.00E-06,0.998749
1293,0.998757,0.001243,19.998756,9.00E-06,0.998758
1294,0.998766,0.001234,19.998766,9.00E-06,0.998767
1295,0.998776,0.001224,19.998775,9.00E-06,0.998776
1296,0.998785,0.001215,19.998784,9.00E-06,0.998785
1297,0.998794,0.001206,19.998793,9.00E-06,0.998794
1298,0.998803,0.001197,19.998802,9.00E-06,0.998803
1299,0.998812,0.001188,19.998811,9.00E-06,0.998812
1300,0.998821,0.001179,19.99882,9.00E-06,0.998821
1301,0.998829,0.001171,19.998829,9.00E-06,0.99883
1302,0.998838,0.001162,19.998837,9.00E-06,0.998839
1303,0.998847,0.001153,19.998846,9.00E-06,0.998848
1304,0.998855,0.001145,19.998855,9.00E-06,0.998857
1305,0.998864,0.001136,19.998863,9.00E-06,0.998866
1306,0.998872,0.001128,19.998872,8.00E-06,0.998874
1307,0.998881,0.001119,19.99888,8.00E-06,0.998882
1308,0.998889,0.001111,19.998889,8.00E-06,0.99889
1309,0.998897,0.001103,19.998897,8.00E-06,0.998898
1310,0.998906,0.001094,19.998905,8.00E-06,0.998906
1311,0.998914,0.001086,19.998913,8.00E-06,0.998914
1312,0.998922,0.001078,19.998921,8.00E-06,0.998922
1313,0.99893,0.00107,19.998929,8.00E-06,0.99893
1314,0.998938,0.001062,19.998937,8.00E-06,0.998938
1315,0.998946,0.001054,19.998945,8.00E-06,0.998946
1316,0.998954,0.001046,19.998953,8.00E-06,0.998954
1317,0.998961,0.001039,19.998961,8.00E-06,0.998962
1318,0.998969,0.001031,19.998969,8.00E-06,0.99897
1319,0.998977,0.001023,19.998976,8.00E-06,0.998978
1320,0.998985,0.001015,19.998984,8.00E-06,0.998986
1321,0.998992,0.001008,19.998992,8.00E-06,0.998994
1322,0.999,0.001,19.998999,8.00E-06,0.999002
1323,0.999007,0.000993,19.999007,7.00E-06,0.999009
1324,0.999015,0.000985,19.999014,7.00E-06,0.999016
1325,0.999022,0.000978,19.999021,7.00E-06,0.999023
1326,0.999029,0.000971,19.999029,7.00E-06,0.99903
1327,0.999036,0.000964,19.999036,7.00E-06,0.999037
1328,0.999044,0.000956,19.999043,7.00E-06,0.999044
1329,0.999051,0.000949,19.99905,7.00E-06,0.999051
1330,0.999058,0.000942,19.999057,7.00E-06,0.999058
1331,0.999065,0.000935,19.999064,7.00E-06,0.999065
1332,0.999072,0.000928,19.999071,7.00E-06,0.999072
1333,0.999079,0.000921,19.999078,7.00E-06,0.999079
1334,0.999086,0.000914,19.999085,7.00E-06,0.999086
1335,0.999092,0.000908,19.999092,7.00E-06,0.999093
1336,0.999099,0.000901,19.999099,7.00E-06,0.9991
1337,0.999106,0.000894,19.999106,7.00E-06,0.999107
1338,0.999113,0.000887,19.999112,7.00E-06,0.999114
1339,0.999119,0.000881,19.999119,7.00E-06,0.999121
1340,0.999126,0.000874,19.999125,7.00E-06,0.999128
1341,0.999132,0.000868,19.999132,7.00E-06,0.999135
1342,0.999139,0.000861,19.999138,6.00E-06,0.999141
1343,0.999145,0.000855,19.999145,6.00E-06,0.999147
1344,0.999152,0.000848,19.999151,6.00E-06,0.999153
1345,0.999158,0.000842,19.999158,6.00E-06,0.999159
1346,0.999164,0.000836,19.999164,6.00E-06,0.999165
1347,0.99917,0.00083,19.99917,6.00E-06,0.999171
1348,0.999177,0.000823,19.999176,6.00E-06,0.999177
1349,0.999183,0.000817,19.999182,6.00E-06,0.999183
1350,0.999189,0.000811,19.999189,6.00E-06,0.999189
1351,0.999195,0.000805,19.999195,6.00E-06,0.999195
1352,0.999201,0.000799,19.999201,6.00E-06,0.999201
1353,0.999207,0.000793,19.999207,6.00E-06,0.999207
1354,0.999213,0.000787,19.999212,6.00E-06,0.999213
1355,0.999219,0.000781,19.999218,6.00E-06,0.999219
1356,0.999224,0.000776,19.999224,6.00E-06,0.999225
1357,0.99923,0.00077,19.99923,6.00E-06,0.999231
1358,0.999236,0.000764,19.999236,6.00E-06,0.999237
1359,0.999242,0.000758,19.999241,6.00E-06,0.999243
1360,0.999247,0.000753,19.999247,6.00E-06,0.999249
1361,0.999253,0.000747,19.999253,6.00E-06,0.999255
1362,0.999259,0.000741,19.999258,6.00E-06,0.999261
1363,0.999264,0.000736,19.999264,6.00E-06,0.999267
1364,0.99927,0.00073,19.999269,5.00E-06,0.999272
1365,0.999275,0.000725,19.999275,5.00E-06,0.999277
1366,0.99928,0.00072,19.99928,5.00E-06,0.999282
1367,0.999286,0.000714,19.999286,5.00E-06,0.999287
1368,0.999291,0.000709,19.999291,5.00E-06,0.999292
1369,0.999296,0.000704,19.999296,5.00E-06,0.999297
1370,0.999302,0.000698,19.999301,5.00E-06,0.999302
1371,0.999307,0.000693,19.999307,5.00E-06,0.999307
1372,0.999312,0.000688,19.999312,5.00E-06,0.999312
1373,0.999317,0.000683,19.999317,5.00E-06,0.999317
1374,0.999322,0.000678,19.999322,5.00E-06,0.999322
1375,0.999327,0.000673,19.999327,5.00E-06,0.999327
1376,0.999332,0.000668,19.999332,5.00E-06,0.999332
1377,0.999337,0.000663,19.999337,5.00E-06,0.999337
1378,0.999342,0.000658,19.999342,5.00E-06,0.999342
1379,0.999347,0.000653,19.999347,5.00E-06,0.999347
1380,0.999352,0.000648,19.999352,5.00E-06,0.999352
1381,0.999357,0.000643,19.999357,5.00E-06,0.999357
1382,0.999362,0.000638,19.999361,5.00E-06,0.999362
1383,0.999366,0.000634,19.999366,5.00E-06,0.999367
1384,0.999371,0.000629,19.999371,5.00E-06,0.999372
1385,0.999376,0.000624,19.999376,5.00E-06,0.999377
1386,0.999381,0.000619,19.99938,5.00E-06,0.999382
1387,0.999385,0.000615,19.999385,5.00E-06,0.999387
1388,0.99939,0.00061,19.99939,5.00E-06,0.999392
1389,0.999394,0.000606,19.999394,5.00E-06,0.999397
1390,0.999399,0.000601,19.999399,5.00E-06,0.999402
1391,0.999403,0.000597,19.999403,4.00E-06,0.999406
1392,0.999408,0.000592,19.999408,4.00E-06,0.99941
1393,0.999412,0.000588,19.999412,4.00E-06,0.999414
1394,0.999417,0.000583,19.999416,4.00E-06,0.999418
1395,0.999421,0.000579,19.999421,4.00E-06,0.999422
1396,0.999425,0.000575,19.999425,4.00E-06,0.999426
1397,0.99943,0.00057,19.999429,4.00E-06,0.99943
1398,0.999434,0.000566,19.999434,4.00E-06,0.999434
1399,0.999438,0.000562,19.999438,4.00E-06,0.999438
1400,0.999442,0.000558,19.999442,4.00E-06,0.999442
1401,0.999446,0.000554,19.999446,4.00E-06,0.999446
1402,0.99945,0.00055,19.99945,4.00E-06,0.99945
1403,0.999455,0.000545,19.999454,4.00E-06,0.999454
1404,0.999459,0.000541,19.999459,4.00E-06,0.999458
1405,0.999463,0.000537,19.999463,4.00E-06,0.999462
1406,0.999467,0.000533,19.999467,4.00E-06,0.999466
1407,0.999471,0.000529,19.999471,4.00E-06,0.99947
1408,0.999475,0.000525,19.999474,4.00E-06,0.999474
1409,0.999479,0.000521,19.999478,4.00E-06,0.999478
1410,0.999482,0.000518,19.999482,4.00E-06,0.999482
1411,0.999486,0.000514,19.999486,4.00E-06,0.999486
1412,0.99949,0.00051,19.99949,4.00E-06,0.99949
1413,0.999494,0.000506,19.999494,4.00E-06,0.999494
1414,0.999498,0.000502,19.999498,4.00E-06,0.999498
1415,0.999501,0.000499,19.999501,4.00E-06,0.999502
1416,0.999505,0.000495,19.999505,4.00E-06,0.999506
1417,0.999509,0.000491,19.999509,4.00E-06,0.99951
1418,0.999513,0.000487,19.999512,4.00E-06,0.999514
1419,0.999516,0.000484,19.999516,4.00E-06,0.999518
1420,0.99952,0.00048,19.99952,4.00E-06,0.999522
1421,0.999523,0.000477,19.999523,4.00E-06,0.999526
1422,0.999527,0.000473,19.999527,4.00E-06,0.99953
1423,0.99953,0.00047,19.99953,4.00E-06,0.999534
1424,0.999534,0.000466,19.999534,4.00E-06,0.999538
1425,0.999537,0.000463,19.999537,3.00E-06,0.999541
1426,0.999541,0.000459,19.999541,3.00E-06,0.999544
1427,0.999544,0.000456,19.999544,3.00E-06,0.999547
1428,0.999548,0.000452,19.999548,3.00E-06,0.99955
1429,0.999551,0.000449,19.999551,3.00E-06,0.999553
1430,0.999554,0.000446,19.999554,3.00E-06,0.999556
1431,0.999558,0.000442,19.999558,3.00E-06,0.999559
1432,0.999561,0.000439,19.999561,3.00E-06,0.999562
1433,0.999564,0.000436,19.999564,3.00E-06,0.999565
1434,0.999568,0.000432,19.999567,3.00E-06,0.999568
1435,0.999571,0.000429,19.999571,3.00E-06,0.999571
1436,0.999574,0.000426,19.999574,3.00E-06,0.999574
1437,0.999577,0.000423,19.999577,3.00E-06,0.999577
1438,0.99958,0.00042,19.99958,3.00E-06,0.99958
1439,0.999583,0.000417,19.999583,3.00E-06,0.999583
1440,0.999587,0.000413,19.999586,3.00E-06,0.999586
1441,0.99959,0.00041,19.99959,3.00E-06,0.999589
1442,0.999593,0.000407,19.999593,3.00E-06,0.999592
1443,0.999596,0.000404,19.999596,3.00E-06,0.999595
1444,0.999599,0.000401,19.999599,3.00E-06,0.999598
1445,0.999602,0.000398,19.999602,3.00E-06,0.999601
1446,0.999605,0.000395,19.999605,3.00E-06,0.999604
1447,0.999608,0.000392,19.999608,3.00E-06,0.999607
1448,0.999611,0.000389,19.999611,3.00E-06,0.99961
1449,0.999614,0.000386,19.999613,3.00E-06,0.999613
1450,0.999616,0.000384,19.999616,3.00E-06,0.999616
1451,0.999619,0.000381,19.999619,3.00E-06,0.999619
1452,0.999622,0.000378,19.999622,3.00E-06,0.999622
1453,0.999625,0.000375,19.999625,3.00E-06,0.999625
1454,0.999628,0.000372,19.999628,3.00E-06,0.999628
1455,0.999631,0.000369,19.99963,3.00E-06,0.999631
1456,0.999633,0.000367,19.999633,3.00E-06,0.999634
1457,0.999636,0.000364,19.999636,3.00E-06,0.999637
1458,0.999639,0.000361,19.999639,3.00E-06,0.99964
1459,0.999641,0.000359,19.999641,3.00E-06,0.999643
1460,0.999644,0.000356,19.999644,3.00E-06,0.999646
1461,0.999647,0.000353,19.999647,3.00E-06,0.999649
1462,0.999649,0.000351,19.999649,3.00E-06,0.999652
1463,0.999652,0.000348,19.999652,3.00E-06,0.999655
1464,0.999655,0.000345,19.999655,3.00E-06,0.999658
1465,0.999657,0.000343,19.999657,3.00E-06,0.999661
1466,0.99966,0.00034,19.99966,3.00E-06,0.999664
1467,0.999662,0.000338,19.999662,3.00E-06,0.999667
1468,0.999665,0.000335,19.999665,3.00E-06,0.99967
1469,0.999667,0.000333,19.999667,3.00E-06,0.999673
1470,0.99967,0.00033,19.99967,2.00E-06,0.999675
1471,0.999672,0.000328,19.999672,2.00E-06,0.999677
1472,0.999675,0.000325,19.999675,2.00E-06,0.999679
1473,0.999677,0.000323,19.999677,2.00E-06,0.999681
1474,0.99968,0.00032,19.999679,2.00E-06,0.999683
1475,0.999682,0.000318,19.999682,2.00E-06,0.999685
1476,0.999684,0.000316,19.999684,2.00E-06,0.999687
1477,0.999687,0.000313,19.999687,2.00E-06,0.999689
1478,0.999689,0.000311,19.999689,2.00E-06,0.999691
1479,0.999691,0.000309,19.999691,2.00E-06,0.999693
1480,0.999694,0.000306,19.999694,2.00E-06,0.999695
1481,0.999696,0.000304,19.999696,2.00E-06,0.999697
1482,0.999698,0.000302,19.999698,2.00E-06,0.999699
1483,0.9997,0.0003,19.9997,2.00E-06,0.999701
1484,0.999703,0.000297,19.999703,2.00E-06,0.999703
1485,0.999705,0.000295,19.999705,2.00E-06,0.999705
1486,0.999707,0.000293,19.999707,2.00E-06,0.999707
1487,0.999709,0.000291,19.999709,2.00E-06,0.999709
1488,0.999711,0.000289,19.999711,2.00E-06,0.999711
1489,0.999714,0.000286,19.999714,2.00E-06,0.999713
1490,0.999716,0.000284,19.999716,2.00E-06,0.999715
1491,0.999718,0.000282,19.999718,2.00E-06,0.999717
1492,0.99972,0.00028,19.99972,2.00E-06,0.999719
1493,0.999722,0.000278,19.999722,2.00E-06,0.999721
1494,0.999724,0.000276,19.999724,2.00E-06,0.999723
1495,0.999726,0.000274,19.999726,2.00E-06,0.999725
1496,0.999728,0.000272,19.999728,2.00E-06,0.999727
1497,0.99973,0.00027,19.99973,2.00E-06,0.999729
1498,0.999732,0.000268,19.999732,2.00E-06,0.999731
1499,0.999734,0.000266,19.999734,2.00E-06,0.999733
1500,0.999736,0.000264,19.999736,2.00E-06,0.999735
1501,0.999738,0.000262,19.999738,2.00E-06,0.999737
1502,0.99974,0.00026,19.99974,2.00E-06,0.999739
1503,0.999742,0.000258,19.999742,2.00E-06,0.999741
1504,0.999744,0.000256,19.999744,2.00E-06,0.999743
1505,0.999746,0.000254,19.999746,2.00E-06,0.999745
1506,0.999748,0.000252,19.999748,2.00E-06,0.999747
1507,0.99975,0.00025,19.99975,2.00E-06,0.999749
1508,0.999752,0.000248,19.999752,2.00E-06,0.999751
1509,0.999753,0.000247,19.999753,2.00E-06,0.999753
1510,0.999755,0.000245,19.999755,2.00E-06,0.999755
1511,0.999757,0.000243,19.999757,2.00E-06,0.999757
1512,0.999759,0.000241,19.999759,2.00E-06,0.999759
1513,0.999761,0.000239,19.999761,2.00E-06,0.999761
1514,0.999762,0.000238,19.999762,2.00E-06,0.999763
1515,0.999764,0.000236,19.999764,2.00E-06,0.999765
1516,0.999766,0.000234,19.999766,2.00E-06,0.999767
1517,0.999768,0.000232,19.999768,2.00E-06,0.999769
1518,0.999769,0.000231,19.999769,2.00E-06,0.999771
1519,0.999771,0.000229,19.999771,2.00E-06,0.999773
1520,0.999773,0.000227,19.999773,2.00E-06,0.999775
1521,0.999775,0.000225,19.999775,2.00E-06,0.999777
1522,0.999776,0.000224,19.999776,2.00E-06,0.999779
1523,0.999778,0.000222,19.999778,2.00E-06,0.999781
1524,0.99978,0.00022,19.99978,2.00E-06,0.999783
1525,0.999781,0.000219,19.999781,2.00E-06,0.999785
1526,0.999783,0.000217,19.999783,2.00E-06,0.999787
1527,0.999785,0.000215,19.999784,2.00E-06,0.999789
1528,0.999786,0.000214,19.999786,2.00E-06,0.999791
1529,0.999788,0.000212,19.999788,2.00E-06,0.999793
1530,0.999789,0.000211,19.999789,2.00E-06,0.999795
1531,0.999791,0.000209,19.999791,2.00E-06,0.999797
1532,0.999792,0.000208,19.999792,2.00E-06,0.999799
1533,0.999794,0.000206,19.999794,2.00E-06,0.999801
1534,0.999796,0.000204,19.999796,2.00E-06,0.999803
1535,0.999797,0.000203,19.999797,2.00E-06,0.999805
1536,0.999799,0.000201,19.999799,2.00E-06,0.999807
1537,0.9998,0.0002,19.9998,2.00E-06,0.999809
1538,0.999802,0.000198,19.999802,1.00E-06,0.99981
1539,0.999803,0.000197,19.999803,1.00E-06,0.999811
1540,0.999805,0.000195,19.999804,1.00E-06,0.999812
1541,0.999806,0.000194,19.999806,1.00E-06,0.999813
1542,0.999807,0.000193,19.999807,1.00E-06,0.999814
1543,0.999809,0.000191,19.999809,1.00E-06,0.999815
1544,0.99981,0.00019,19.99981,1.00E-06,0.999816
1545,0.999812,0.000188,19.999812,1.00E-06,0.999817
1546,0.999813,0.000187,19.999813,1.00E-06,0.999818
1547,0.999814,0.000186,19.999814,1.00E-06,0.999819
1548,0.999816,0.000184,19.999816,1.00E-06,0.99982
1549,0.999817,0.000183,19.999817,1.00E-06,0.999821
1550,0.999819,0.000181,19.999819,1.00E-06,0.999822
1551,0.99982,0.00018,19.99982,1.00E-06,0.999823
1552,0.999821,0.000179,19.999821,1.00E-06,0.999824
1553,0.999823,0.000177,19.999823,1.00E-06,0.999825
1554,0.999824,0.000176,19.999824,1.00E-06,0.999826
1555,0.999825,0.000175,19.999825,1.00E-06,0.999827
1556,0.999827,0.000173,19.999827,1.00E-06,0.999828
1557,0.999828,0.000172,19.999828,1.00E-06,0.999829
1558,0.999829,0.000171,19.999829,1.00E-06,0.99983
1559,0.99983,0.00017,19.99983,1.00E-06,0.999831
1560,0.999832,0.000168,19.999832,1.00E-06,0.999832
1561,0.999833,0.000167,19.999833,1.00E-06,0.999833
1562,0.999834,0.000166,19.999834,1.00E-06,0.999834
1563,0.999835,0.000165,19.999835,1.00E-06,0.999835
1564,0.999837,0.000163,19.999837,1.00E-06,0.999836
1565,0.999838,0.000162,19.999838,1.00E-06,0.999837
1566,0.999839,0.000161,19.999839,1.00E-06,0.999838
1567,0.99984,0.00016,19.99984,1.00E-06,0.999839
1568,0.999841,0.000159,19.999841,1.00E-06,0.99984
1569,0.999843,0.000157,19.999843,1.00E-06,0.999841
1570,0.999844,0.000156,19.999844,1.00E-06,0.999842
1571,0.999845,0.000155,19.999845,1.00E-06,0.999843
1572,0.999846,0.000154,19.999846,1.00E-06,0.999844
1573,0.999847,0.000153,19.999847,1.00E-06,0.999845
1574,0.999848,0.000152,19.999848,1.00E-06,0.999846
1575,0.99985,0.00015,19.99985,1.00E-06,0.999847
1576,0.999851,0.000149,19.999851,1.00E-06,0.999848
1577,0.999852,0.000148,19.999852,1.00E-06,0.999849
1578,0.999853,0.000147,19.999853,1.00E-06,0.99985
1579,0.999854,0.000146,19.999854,1.00E-06,0.999851
1580,0.999855,0.000145,19.999855,1.00E-06,0.999852
1581,0.999856,0.000144,19.999856,1.00E-06,0.999853
1582,0.999857,0.000143,19.999857,1.00E-06,0.999854
1583,0.999858,0.000142,19.999858,1.00E-06,0.999855
1584,0.999859,0.000141,19.999859,1.00E-06,0.999856
1585,0.99986,0.00014,19.99986,1.00E-06,0.999857
1586,0.999861,0.000139,19.999861,1.00E-06,0.999858
1587,0.999863,0.000137,19.999863,1.00E-06,0.999859
1588,0.999864,0.000136,19.999864,1.00E-06,0.99986
1589,0.999865,0.000135,19.999865,1.00E-06,0.999861
1590,0.999866,0.000134,19.999866,1.00E-06,0.999862
1591,0.999867,0.000133,19.999867,1.00E-06,0.999863
1592,0.999868,0.000132,19.999868,1.00E-06,0.999864
1593,0.999869,0.000131,19.999869,1.00E-06,0.999865
1594,0.99987,0.00013,19.99987,1.00E-06,0.999866
1595,0.999871,0.000129,19.999871,1.00E-06,0.999867
1596,0.999871,0.000129,19.999871,1.00E-06,0.999868
1597,0.999872,0.000128,19.999872,1.00E-06,0.999869
1598,0.999873,0.000127,19.999873,1.00E-06,0.99987
1599,0.999874,0.000126,19.999874,1.00E-06,0.999871
1600,0.999875,0.000125,19.999875,1.00E-06,0.999872
1601,0.999876,0.000124,19.999876,1.00E-06,0.999873
1602,0.999877,0.000123,19.999877,1.00E-06,0.999874
1603,0.999878,0.000122,19.999878,1.00E-06,0.999875
1604,0.999879,0.000121,19.999879,1.00E-06,0.999876
1605,0.99988,0.00012,19.99988,1.00E-06,0.999877
1606,0.999881,0.000119,19.999881,1.00E-06,0.999878
1607,0.999882,0.000118,19.999882,1.00E-06,0.999879
1608,0.999883,0.000117,19.999883,1.00E-06,0.99988
1609,0.999883,0.000117,19.999883,1.00E-06,0.999881
1610,0.999884,0.000116,19.999884,1.00E-06,0.999882
1611,0.999885,0.000115,19.999885,1.00E-06,0.999883
1612,0.999886,0.000114,19.999886,1.00E-06,0.999884
1613,0.999887,0.000113,19.999887,1.00E-06,0.999885
1614,0.999888,0.000112,19.999888,1.00E-06,0.999886
1615,0.999889,0.000111,19.999889,1.00E-06,0.999887
1616,0.999889,0.000111,19.999889,1.00E-06,0.999888
1617,0.99989,0.00011,19.99989,1.00E-06,0.999889
1618,0.999891,0.000109,19.999891,1.00E-06,0.99989
1619,0.999892,0.000108,19.999892,1.00E-06,0.999891
1620,0.999893,0.000107,19.999893,1.00E-06,0.999892
1621,0.999893,0.000107,19.999893,1.00E-06,0.999893
1622,0.999894,0.000106,19.999894,1.00E-06,0.999894
1623,0.999895,0.000105,19.999895,1.00E-06,0.999895
1624,0.999896,0.000104,19.999896,1.00E-06,0.999896
1625,0.999897,0.000103,19.999897,1.00E-06,0.999897
1626,0.999897,0.000103,19.999897,1.00E-06,0.999898
1627,0.999898,0.000102,19.999898,1.00E-06,0.999899
1628,0.999899,0.000101,19.999899,1.00E-06,0.9999
1629,0.9999,0.0001,19.9999,1.00E-06,0.999901
1630,0.9999,0.0001,19.9999,1.00E-06,0.999902
1631,0.999901,9.90E-05,19.999901,1.00E-06,0.999903
1632,0.999902,9.80E-05,19.999902,1.00E-06,0.999904
1633,0.999903,9.70E-05,19.999903,1.00E-06,0.999905
1634,0.999903,9.70E-05,19.999903,1.00E-06,0.999906
1635,0.999904,9.60E-05,19.999904,1.00E-06,0.999907
1636,0.999905,9.50E-05,19.999905,1.00E-06,0.999908
1637,0.999905,9.50E-05,19.999905,1.00E-06,0.999909
1638,0.999906,9.40E-05,19.999906,1.00E-06,0.99991
1639,0.999907,9.30E-05,19.999907,1.00E-06,0.999911
1640,0.999908,9.20E-05,19.999908,1.00E-06,0.999912
1641,0.999908,9.20E-05,19.999908,1.00E-06,0.999913
1642,0.999909,9.10E-05,19.999909,1.00E-06,0.999914
1643,0.99991,9.00E-05,19.99991,1.00E-06,0.999915
1644,0.99991,9.00E-05,19.99991,1.00E-06,0.999916
1645,0.999911,8.90E-05,19.999911,1.00E-06,0.999917
1646,0.999912,8.80E-05,19.999912,1.00E-06,0.999918
1647,0.999912,8.80E-05,19.999912,1.00E-06,0.999919
1648,0.999913,8.70E-05,19.999913,1.00E-06,0.99992
1649,0.999914,8.60E-05,19.999914,1.00E-06,0.999921
1650,0.999914,8.60E-05,19.999914,1.00E-06,0.999922
1651,0.999915,8.50E-05,19.999915,1.00E-06,0.999923
1652,0.999916,8.40E-05,19.999916,1.00E-06,0.999924
1653,0.999916,8.40E-05,19.999916,1.00E-06,0.999925
1654,0.999917,8.30E-05,19.999917,1.00E-06,0.999926
1655,0.999917,8.30E-05,19.999917,1.00E-06,0.999927
1656,0.999918,8.20E-05,19.999918,1.00E-06,0.999928
1657,0.999919,8.10E-05,19.999919,1.00E-06,0.999929
1658,0.999919,8.10E-05,19.999919,1.00E-06,0.99993
1659,0.99992,8.00E-05,19.99992,1.00E-06,0.999931
1660,0.99992,8.00E-05,19.99992,1.00E-06,0.999932
1661,0.999921,7.90E-05,19.999921,1.00E-06,0.999933
1662,0.999922,7.80E-05,19.999922,1.00E-06,0.999934
1663,0.999922,7.80E-05,19.999922,1.00E-06,0.999935
1664,0.999923,7.70E-05,19.999923,1.00E-06,0.999936
1665,0.999923,7.70E-05,19.999923,1.00E-06,0.999937
1666,0.999924,7.60E-05,19.999924,1.00E-06,0.999938
1667,0.999924,7.60E-05,19.999924,1.00E-06,0.999939
1668,0.999925,7.50E-05,19.999925,1.00E-06,0.99994
1669,0.999926,7.40E-05,19.999926,1.00E-06,0.999941
1670,0.999926,7.40E-05,19.999926,1.00E-06,0.999942
1671,0.999927,7.30E-05,19.999927,1.00E-06,0.999943
1672,0.999927,7.30E-05,19.999927,1.00E-06,0.999944
1673,0.999928,7.20E-05,19.999928,1.00E-06,0.999945
1674,0.999928,7.20E-05,19.999928,1.00E-06,0.999946
1675,0.999929,7.10E-05,19.999929,1.00E-06,0.999947
1676,0.999929,7.10E-05,19.999929,1.00E-06,0.999948
1677,0.99993,7.00E-05,19.99993,1.00E-06,0.999949
1678,0.99993,7.00E-05,19.99993,1.00E-06,0.99995
1679,0.999931,6.90E-05,19.999931,1.00E-06,0.999951
1680,0.999931,6.90E-05,19.999931,1.00E-06,0.999952
1681,0.999932,6.80E-05,19.999932,1.00E-06,0.999953
1682,0.999933,6.70E-05,19.999933,1.00E-06,0.999954
1683,0.999933,6.70E-05,19.999933,1.00E-06,0.999955
1684,0.999934,6.60E-05,19.999934,0,0.999955
1685,0.999934,6.60E-05,19.999934,0,0.999955
1686,0.999935,6.50E-05,19.999935,0,0.999955
1687,0.999935,6.50E-05,19.999935,0,0.999955
1688,0.999935,6.50E-05,19.999935,0,0.999955
1689,0.999936,6.40E-05,19.999936,0,0.999955
1690,0.999936,6.40E-05,19.999936,0,0.999955
1691,0.999937,6.30E-05,19.999937,0,0.999955
1692,0.999937,6.30E-05,19.999937,0,0.999955
1693,0.999938,6.20E-05,19.999938,0,0.999955
1694,0.999938,6.20E-05,19.999938,0,0.999955
1695,0.999939,6.10E-05,19.999939,0,0.999955
1696,0.999939,6.10E-05,19.999939,0,0.999955
1697,0.99994,6.00E-05,19.99994,0,0.999955
1698,0.99994,6.00E-05,19.99994,0,0.999955
1699,0.999941,5.90E-05,19.999941,0,0.999955
1700,0.999941,5.90E-05,19.999941,0,0.999955
1701,0.999941,5.90E-05,19.999941,0,0.999955
1702,0.999942,5.80E-05,19.999942,0,0.999955
1703,0.999942,5.80E-05,19.999942,0,0.999955
1704,0.999943,5.70E-05,19.999943,0,0.999955
1705,0.999943,5.70E-05,19.999943,0,0.999955
1706,0.999944,5.60E-05,19.999944,0,0.999955
1707,0.999944,5.60E-05,19.999944,0,0.999955
1708,0.999944,5.60E-05,19.999944,0,0.999955
1709,0.999945,5.50E-05,19.999945,0,0.999955
1710,0.999945,5.50E-05,19.999945,0,0.999955
1711,0.999946,5.40E-05,19.999946,0,0.999955
1712,0.999946,5.40E-05,19.999946,0,0.999955
1713,0.999946,5.40E-05,19.999946,0,0.999955
1714,0.999947,5.30E-05,19.999947,0,0.999955
1715,0.999947,5.30E-05,19.999947,0,0.999955
1716,0.999948,5.20E-05,19.999948,0,0.999955
1717,0.999948,5.20E-05,19.999948,0,0.999955
1718,0.999948,5.20E-05,19.999948,0,0.999955
1719,0.999949,5.10E-05,19.999949,0,0.999955
1720,0.999949,5.10E-05,19.999949,0,0.999955
1721,0.99995,5.00E-05,19.99995,0,0.999955
1722,0.99995,5.00E-05,19.99995,0,0.999955
1723,0.99995,5.00E-05,19.99995,0,0.999955
1724,0.999951,4.90E-05,19.999951,0,0.999955
1725,0.999951,4.90E-05,19.999951,0,0.999955
1726,0.999951,4.90E-05,19.999951,0,0.999955
1727,0.999952,4.80E-05,19.999952,0,0.999955
1728,0.999952,4.80E-05,19.999952,0,0.999955
1729,0.999953,4.70E-05,19.999953,0,0.999955
1730,0.999953,4.70E-05,19.999953,0,0.999955
1731,0.999953,4.70E-05,19.999953,0,0.999955
1732,0.999954,4.60E-05,19.999954,0,0.999955
1733,0.999954,4.60E-05,19.999954,0,0.999955
1734,0.999954,4.60E-05,19.999954,0,0.999955
1735,0.999955,4.50E-05,19.999955,0,0.999955
1736,0.999955,4.50E-05,19.999955,0,0.999955
1737,0.999955,4.50E-05,19.999955,0,0.999955
1738,0.999956,4.40E-05,19.999956,0,0.999955
1739,0.999956,4.40E-05,19.999956,0,0.999955
1740,0.999956,4.40E-05,19.999956,0,0.999955
1741,0.999957,4.30E-05,19.999957,0,0.999955
1742,0.999957,4.30E-05,19.999957,0,0.999955
1743,0.999957,4.30E-05,19.999957,0,0.999955
1744,0.999958,4.20E-05,19.999958,0,0.999955
1745,0.999958,4.20E-05,19.999958,0,0.999955
1746,0.999958,4.20E-05,19.999958,0,0.999955
1747,0.999959,4.10E-05,19.999959,0,0.999955
1748,0.999959,4.10E-05,19.999959,0,0.999955
1749,0.999959,4.10E-05,19.999959,0,0.999955
1750,0.999959,4.10E-05,19.999959,0,0.999955
1751,0.99996,4.00E-05,19.99996,0,0.999955
1752,0.99996,4.00E-05,19.99996,0,0.999955
1753,0.99996,4.00E-05,19.99996,0,0.999955
1754,0.999961,3.90E-05,19.999961,0,0.999955
1755,0.999961,3.90E-05,19.999961,0,0.999955
1756,0.999961,3.90E-05,19.999961,0,0.999955
1757,0.999962,3.80E-05,19.999962,0,0.999955
1758,0.999962,3.80E-05,19.999962,0,0.999955
1759,0.999962,3.80E-05,19.999962,0,0.999955
1760,0.999962,3.80E-05,19.999962,0,0.999955
1761,0.999963,3.70E-05,19.999963,0,0.999955
1762,0.999963,3.70E-05,19.999963,0,0.999955
1763,0.999963,3.70E-05,19.999963,0,0.999955
1764,0.999963,3.70E-05,19.999963,0,0.999955
1765,0.999964,3.60E-05,19.999964,0,0.999955
1766,0.999964,3.60E-05,19.999964,0,0.999955
1767,0.999964,3.60E-05,19.999964,0,0.999955
1768,0.999965,3.50E-05,19.999965,0,0.999955
1769,0.999965,3.50E-05,19.999965,0,0.999955
1770,0.999965,3.50E-05,19.999965,0,0.999955
1771,0.999965,3.50E-05,19.999965,0,0.999955
1772,0.999966,3.40E-05,19.999966,0,0.999955
1773,0.999966,3.40E-05,19.999966,0,0.999955
1774,0.999966,3.40E-05,19.999966,0,0.999955
1775,0.999966,3.40E-05,19.999966,0,0.999955
1776,0.999967,3.30E-05,19.999967,0,0.999955
1777,0.999967,3.30E-05,19.999967,0,0.999955
1778,0.999967,3.30E-05,19.999967,0,0.999955
1779,0.999967,3.30E-05,19.999967,0,0.999955
1780,0.999968,3.20E-05,19.999968,0,0.999955
1781,0.999968,3.20E-05,19.999968,0,0.999955
1782,0.999968,3.20E-05,19.999968,0,0.999955
1783,0.999968,3.20E-05,19.999968,0,0.999955
1784,0.999969,3.10E-05,19.999969,0,0.999955
1785,0.999969,3.10E-05,19.999969,0,0.999955
1786,0.999969,3.10E-05,19.999969,0,0.999955
1787,0.999969,3.10E-05,19.999969,0,0.999955
1788,0.999969,3.10E-05,19.999969,0,0.999955
1789,0.99997,3.00E-05,19.99997,0,0.999955
1790,0.99997,3.00E-05,19.99997,0,0.999955
1791,0.99997,3.00E-05,19.99997,0,0.999955
1792,0.99997,3.00E-05,19.99997,0,0.999955
1793,0.999971,2.90E-05,19.999971,0,0.999955
1794,0.999971,2.90E-05,19.999971,0,0.999955
1795,0.999971,2.90E-05,19.999971,0,0.999955
1796,0.999971,2.90E-05,19.999971,0,0.999955
1797,0.999971,2.90E-05,19.999971,0,0.999955
1798,0.999972,2.80E-05,19.999972,0,0.999955
1799,0.999972,2.80E-05,19.999972,0,0.999955
1800,0.999972,2.80E-05,19.999972,0,0.999955
1801,0.999972,2.80E-05,19.999972,0,0.999955
1802,0.999973,2.70E-05,19.999973,0,0.999955
1803,0.999973,2.70E-05,19.999973,0,0.999955
1804,0.999973,2.70E-05,19.999973,0,0.999955
1805,0.999973,2.70E-05,19.999973,0,0.999955
1806,0.999973,2.70E-05,19.999973,0,0.999955
1807,0.999974,2.60E-05,19.999974,0,0.999955
1808,0.999974,2.60E-05,19.999974,0,0.999955
1809,0.999974,2.60E-05,19.999974,0,0.999955
1810,0.999974,2.60E-05,19.999974,0,0.999955
1811,0.999974,2.60E-05,19.999974,0,0.999955
1812,0.999975,2.50E-05,19.999975,0,0.999955
1813,0.999975,2.50E-05,19.999975,0,0.999955
1814,0.999975,2.50E-05,19.999975,0,0.999955
1815,0.999975,2.50E-05,19.999975,0,0.999955
1816,0.999975,2.50E-05,19.999975,0,0.999955
1817,0.999975,2.50E-05,19.999975,0,0.999955
1818,0.999976,2.40E-05,19.999976,0,0.999955
1819,0.999976,2.40E-05,19.999976,0,0.999955
1820,0.999976,2.40E-05,19.999976,0,0.999955
1821,0.999976,2.40E-05,19.999976,0,0.999955
1822,0.999976,2.40E-05,19.999976,0,0.999955
1823,0.999977,2.30E-05,19.999977,0,0.999955
1824,0.999977,2.30E-05,19.999977,0,0.999955
1825,0.999977,2.30E-05,19.999977,0,0.999955
1826,0.999977,2.30E-05,19.999977,0,0.999955
1827,0.999977,2.30E-05,19.999977,0,0.999955
1828,0.999977,2.30E-05,19.999977,0,0.999955
1829,0.999978,2.20E-05,19.999978,0,0.999955
1830,0.999978,2.20E-05,19.999978,0,0.999955
1831,0.999978,2.20E-05,19.999978,0,0.999955
1832,0.999978,2.20E-05,19.999978,0,0.999955
1833,0.999978,2.20E-05,19.999978,0,0.999955
1834,0.999978,2.20E-05,19.999978,0,0.999955
1835,0.999979,2.10E-05,19.999979,0,0.999955
1836,0.999979,2.10E-05,19.999979,0,0.999955
1837,0.999979,2.10E-05,19.999979,0,0.999955
1838,0.999979,2.10E-05,19.999979,0,0.999955
1839,0.999979,2.10E-05,19.999979,0,0.999955
1840,0.999979,2.10E-05,19.999979,0,0.999955
1841,0.999979,2.10E-05,19.999979,0,0.999955
1842,0.99998,2.00E-05,19.99998,0,0.999955
1843,0.99998,2.00E-05,19.99998,0,0.999955
1844,0.99998,2.00E-05,19.99998,0,0.999955
1845,0.99998,2.00E-05,19.99998,0,0.999955
1846,0.99998,2.00E-05,19.99998,0,0.999955
1847,0.99998,2.00E-05,19.99998,0,0.999955
1848,0.999981,1.90E-05,19.999981,0,0.999955
1849,0.999981,1.90E-05,19.999981,0,0.999955
1850,0.999981,1.90E-05,19.999981,0,0.999955
1851,0.999981,1.90E-05,19.999981,0,0.999955
1852,0.999981,1.90E-05,19.999981,0,0.999955
1853,0.999981,1.90E-05,19.999981,0,0.999955
1854,0.999981,1.90E-05,19.999981,0,0.999955
1855,0.999982,1.80E-05,19.999982,0,0.999955
1856,0.999982,1.80E-05,19.999982,0,0.999955
1857,0.999982,1.80E-05,19.999982,0,0.999955
1858,0.999982,1.80E-05,19.999982,0,0.999955
1859,0.999982,1.80E-05,19.999982,0,0.999955
1860,0.999982,1.80E-05,19.999982,0,0.999955
1861,0.999982,1.80E-05,19.999982,0,0.999955
1862,0.999982,1.80E-05,19.999982,0,0.999955
1863,0.999983,1.70E-05,19.999983,0,0.999955
1864,0.999983,1.70E-05,19.999983,0,0.999955
1865,0.999983,1.70E-05,19.999983,0,0.999955
1866,0.999983,1.70E-05,19.999983,0,0.999955
1867,0.999983,1.70E-05,19.999983,0,0.999955
1868,0.999983,1.70E-05,19.999983,0,0.999955
1869,0.999983,1.70E-05,19.999983,0,0.999955
1870,0.999983,1.70E-05,19.999983,0,0.999955
1871,0.999984,1.60E-05,19.999984,0,0.999955
1872,0.999984,1.60E-05,19.999984,0,0.999955
1873,0.999984,1.60E-05,19.999984,0,0.999955
1874,0.999984,1.60E-05,19.999984,0,0.999955
1875,0.999984,1.60E-05,19.999984,0,0.999955
1876,0.999984,1.60E-05,19.999984,0,0.999955
1877,0.999984,1.60E-05,19.999984,0,0.999955
1878,0.999984,1.60E-05,19.999984,0,0.999955
1879,0.999985,1.50E-05,19.999985,0,0.999955
1880,0.999985,1.50E-05,19.999985,0,0.999955
1881,0.999985,1.50E-05,19.999985,0,0.999955
1882,0.999985,1.50E-05,19.999985,0,0.999955
1883,0.999985,1.50E-05,19.999985,0,0.999955
1884,0.999985,1.50E-05,19.999985,0,0.999955
1885,0.999985,1.50E-05,19.999985,0,0.999955
1886,0.999985,1.50E-05,19.999985,0,0.999955
1887,0.999985,1.50E-05,19.999985,0,0.999955
1888,0.999986,1.40E-05,19.999986,0,0.999955
1889,0.999986,1.40E-05,19.999986,0,0.999955
1890,0.999986,1.40E-05,19.999986,0,0.999955
1891,0.999986,1.40E-05,19.999986,0,0.999955
1892,0.999986,1.40E-05,19.999986,0,0.999955
1893,0.999986,1.40E-05,19.999986,0,0.999955
1894,0.999986,1.40E-05,19.999986,0,0.999955
1895,0.999986,1.40E-05,19.999986,0,0.999955
1896,0.999986,1.40E-05,19.999986,0,0.999955
1897,0.999987,1.30E-05,19.999987,0,0.999955
1898,0.999987,1.30E-05,19.999987,0,0.999955
1899,0.999987,1.30E-05,19.999987,0,0.999955
1900,0.999987,1.30E-05,19.999987,0,0.999955
1901,0.999987,1.30E-05,19.999987,0,0.999955
1902,0.999987,1.30E-05,19.999987,0,0.999955
1903,0.999987,1.30E-05,19.999987,0,0.999955
1904,0.999987,1.30E-05,19.999987,0,0.999955
1905,0.999987,1.30E-05,19.999987,0,0.999955
1906,0.999987,1.30E-05,19.999987,0,0.999955
1907,0.999987,1.30E-05,19.999987,0,0.999955
1908,0.999988,1.20E-05,19.999988,0,0.999955
1909,0.999988,1.20E-05,19.999988,0,0.999955
1910,0.999988,1.20E-05,19.999988,0,0.999955
1911,0.999988,1.20E-05,19.999988,0,0.999955
1912,0.999988,1.20E-05,19.999988,0,0.999955
1913,0.999988,1.20E-05,19.999988,0,0.999955
1914,0.999988,1.20E-05,19.999988,0,0.999955
1915,0.999988,1.20E-05,19.999988,0,0.999955
1916,0.999988,1.20E-05,19.999988,0,0.999955
1917,0.999988,1.20E-05,19.999988,0,0.999955
1918,0.999988,1.20E-05,19.999988,0,0.999955
1919,0.999989,1.10E-05,19.999989,0,0.999955
1920,0.999989,1.10E-05,19.999989,0,0.999955
1921,0.999989,1.10E-05,19.999989,0,0.999955
1922,0.999989,1.10E-05,19.999989,0,0.999955
1923,0.999989,1.10E-05,19.999989,0,0.999955
1924,0.999989,1.10E-05,19.999989,0,0.999955
1925,0.999989,1.10E-05,19.999989,0,0.999955
1926,0.999989,1.10E-05,19.999989,0,0.999955
1927,0.999989,1.10E-05,19.999989,0,0.999955
1928,0.999989,1.10E-05,19.999989,0,0.999955
1929,0.999989,1.10E-05,19.999989,0,0.999955
1930,0.999989,1.10E-05,19.999989,0,0.999955
1931,0.99999,1.00E-05,19.99999,0,0.999955
1932,0.99999,1.00E-05,19.99999,0,0.999955
1933,0.99999,1.00E-05,19.99999,0,0.999955
1934,0.99999,1.00E-05,19.99999,0,0.999955
1935,0.99999,1.00E-05,19.99999,0,0.999955
1936,0.99999,1.00E-05,19.99999,0,0.999955
1937,0.99999,1.00E-05,19.99999,0,0.999955
1938,0.99999,1.00E-05,19.99999,0,0.999955
1939,0.99999,1.00E-05,19.99999,0,0.999955
1940,0.99999,1.00E-05,19.99999,0,0.999955
1941,0.99999,1.00E-05,19.99999,0,0.999955
1942,0.99999,1.00E-05,19.99999,0,0.999955
1943,0.99999,1.00E-05,19.99999,0,0.999955
1944,0.999991,9.00E-06,19.999991,0,0.999955
1945,0.999991,9.00E-06,19.999991,0,0.999955
1946,0.999991,9.00E-06,19.999991,0,0.999955
1947,0.999991,9.00E-06,19.999991,0,0.999955
1948,0.999991,9.00E-06,19.999991,0,0.999955
1949,0.999991,9.00E-06,19.999991,0,0.999955
1950,0.999991,9.00E-06,19.999991,0,0.999955
1951,0.999991,9.00E-06,19.999991,0,0.999955
1952,0.999991,9.00E-06,19.999991,0,0.999955
1953,0.999991,9.00E-06,19.999991,0,0.999955
1954,0.999991,9.00E-06,19.999991,0,0.999955
1955,0.999991,9.00E-06,19.999991,0,0.999955
1956,0.999991,9.00E-06,19.999991,0,0.999955
1957,0.999991,9.00E-06,19.999991,0,0.999955
1958,0.999991,9.00E-06,19.999991,0,0.999955
1959,0.999992,8.00E-06,19.999992,0,0.999955
1960,0.999992,8.00E-06,19.999992,0,0.999955
1961,0.999992,8.00E-06,19.999992,0,0.999955
1962,0.999992,8.00E-06,19.999992,0,0.999955
1963,0.999992,8.00E-06,19.999992,0,0.999955
1964,0.999992,8.00E-06,19.999992,0,0.999955
1965,0.999992,8.00E-06,19.999992,0,0.999955
1966,0.999992,8.00E-06,19.999992,0,0.999955
1967,0.999992,8.00E-06,19.999992,0,0.999955
1968,0.999992,8.00E-06,19.999992,0,0.999955
1969,0.999992,8.00E-06,19.999992,0,0.999955
1970,0.999992,8.00E-06,19.999992,0,0.999955
1971,0.999992,8.00E-06,19.999992,0,0.999955
1972,0.999992,8.00E-06,19.999992,0,0.999955
1973,0.999992,8.00E-06,19.999992,0,0.999955
1974,0.999992,8.00E-06,19.999992,0,0.999955
1975,0.999992,8.00E-06,19.999992,0,0.999955
1976,0.999993,7.00E-06,19.999993,0,0.999955
1977,0.999993,7.00E-06,19.999993,0,0.999955
1978,0.999993,7.00E-06,19.999993,0,0.999955
1979,0.999993,7.00E-06,19.999993,0,0.999955
1980,0.999993,7.00E-06,19.999993,0,0.999955
1981,0.999993,7.00E-06,19.999993,0,0.999955
1982,0.999993,7.00E-06,19.999993,0,0.999955
1983,0.999993,7.00E-06,19.999993,0,0.999955
1984,0.999993,7.00E-06,19.999993,0,0.999955
1985,0.999993,7.00E-06,19.999993,0,0.999955
1986,0.999993,7.00E-06,19.999993,0,0.999955
1987,0.999993,7.00E-06,19.999993,0,0.999955
1988,0.999993,7.00E-06,19.999993,0,0.999955
1989,0.999993,7.00E-06,19.999993,0,0.999955
1990,0.999993,7.00E-06,19.999993,0,0.999955
1991,0.999993,7.00E-06,19.999993,0,0.999955
1992,0.999993,7.00E-06,19.999993,0,0.999955
1993,0.999993,7.00E-06,19.999993,0,0.999955
1994,0.999993,7.00E-06,19.999993,0,0.999955
1995,0.999994,6.00E-06,19.999994,0,0.999955
1996,0.999994,6.00E-06,19.999994,0,0.999955
1997,0.999994,6.00E-06,19.999994,0,0.999955
1998,0.999994,6.00E-06,19.999994,0,0.999955
1999,0.999994,6.00E-06,19.999994,0,0.999955
2000,0.999994,6.00E-06,19.999994,0,0.999955
